:1020000000800020E14B0000C94B0000C94B0000DC
:1020100000000000000000000000000000000000C0
:10202000000000000000000000000000C94B00009C
:102030000000000000000000C94B0000354C00000B
:10204000C94B0000C94B0000C94B0000C94B000040
:10205000C94B0000C94B0000C94B0000CD4B00002C
:10206000C94B0000C94B0000C94B0000C94B000020
:10207000C94B0000C9280000B9280000C94B000066
:10208000C94B0000C94B0000C94B0000C94B000000
:1020900000000000C94B0000C94B0000C94B000004
:1020A000C94B0000C94B0000C94B0000C94B0000E0
:1020B0000000000010B5064C2378002B07D1054B1B
:1020C000002B02D0044800E000BF0123237010BDA4
:1020D0001002002000000000F8B70000044B10B50B
:1020E000002B03D00349044800E000BF10BDC046E8
:1020F0000000000014020020F8B7000010B5074AE5
:102100001378002B09D00021013BDBB21370044A85
:102110000448D154044901F0A9FE10BDB4020020C6
:1021200034020020480700204BAE000010B590B0EC
:10213000294907A802F09EFC284B0A22198804A806
:1021400002F0B7FC04A907A802F01DFD244902F023
:1021500027FD0400234B012219680AA802F0E0FCC5
:102160000AA9200002F00FFD1F4902F019FD04002A
:102170001E4B012219680DA802F0D2FC0DA9200007
:1021800002F001FD1A4902F00BFD010001A802F066
:10219000B2FC0DA802F024FC0AA802F021FC04A85D
:1021A00002F01EFC07A802F01BFC124C1249200092
:1021B00001F05CFE01A9200001F06AFE0F4C01A9AC
:1021C000200001F04CFE0E49200001F04FFE01A856
:1021D00002F006FC10B010BD6EAE0000040000203E
:1021E0007BAE00000800002082AE0000000000204E
:1021F0001AB000004807002088AE0000B802002096
:10220000A0AE0000164B10B51B78002B26D002F0B4
:102210001FFD144C2368C01A134B98421ED902F0BC
:1022200017FD124A20601388114C01332068138077
:1022300004F0CAFF0F4A104B03F062FA05F016F8DB
:1022400020600E4C206804F0BFFF0A4A0A4B03F0DE
:1022500057FA05F00BF82060FFF768FF10BDC04685
:102260002C020020300200205FEA00000400002061
:10227000080000209A9999999999B93F0000002087
:1022800037B5264C200001F0FBFD2549200001F068
:1022900009FE244B24491B78002B04D0234920003D
:1022A00001F000FE2249200001F0FCFD2149200040
:1022B00001F0DCFD204B0A221988200001F03FFECE
:1022C0001E49200001F0EEFD1D49200001F0CEFD69
:1022D0001C4B0125186804F077FF009502000B00E5
:1022E000200001F0E5FE1849200001F0DBFD174950
:1022F000200001F0BBFD164B186804F065FF009547
:1023000002000B00200001F0D3FE1249200001F072
:10231000C9FD1149200001F0C5FD37BD4807002067
:10232000A6AC00002C020020F4AC0000C7AC0000FA
:10233000DDAC000008AD00000400002015AD000079
:102340001AAD00000800002027AD00002AAD0000F3
:102350000000002037AD000024B0000010B51D4C77
:10236000200001F08DFD1C49200001F09BFD1B4960
:10237000200001F097FD1A49200001F093FD194952
:10238000200001F08FFD1849200001F08BFD174956
:10239000200001F087FD1649200001F083FD15495A
:1023A000200001F07FFD1449200001F07BFD20009A
:1023B00001F066FD1149200001F074FD1049200074
:1023C00001F070FD0F49200001F06CFD200001F0CC
:1023D00057FD10BD48070020A3AE0000ADAE0000C1
:1023E000DAAE00000EAF000037AF00006AAF0000A9
:1023F0008AAF00009AAF0000A9AF0000B0AF0000A4
:10240000DFAF0000F6AF000010B50249024801F04E
:102410002DFD10BDA0AC00004807002010B58022A3
:102420000021034805F03AF80022024B1A7010BD53
:1024300034020020B402002070B5040005F08AFDCB
:102440002300220001381578111B202D0CD0092DF6
:102450000AD00025884209DB225C202A01D0092A03
:1024600004D125540138F5E70132ECE7002905D005
:102470005A5C1A70002A01D00133F9E770BD0000E0
:1024800037B50400FFF7D8FF2378002B07D0584951
:10249000200005F04DFD002802D1FFF75FFF37BD9A
:1024A0005449200005F044FD002802D1FFF73EFE0C
:1024B000F5E75149200005F03BFD002805D04F49C4
:1024C000200005F035FD002812D101224C4C4D4B67
:1024D0004D4920001A7001F0E5FC4C49200001F044
:1024E000E1FCFFF723FE02F0B3FB494B1860D6E78F
:1024F0004849200005F01CFD002806D1414B464903
:1025000018703F4801F0CEFCC9E74449200005F0AF
:102510000FFD002802D1FFF7B3FEC0E708224049B3
:10252000200005F01EFD364D002811D12000083096
:1025300004F043FF3B4C3C492080280001F096FC0E
:1025400021880A22280001F0FAFC38492800D9E73E
:1025500009223749200005F004FD002817D120008A
:10256000093004F025FF04F081FE324C324920602E
:10257000280001F07BFC206804F026FE0B000121FE
:1025800002000091280001F093FD2C49DEE70822AB
:102590002B49200005F0E5FC002817D12000083069
:1025A00004F006FF04F062FE264C27492060280054
:1025B00001F05CFC206804F007FE0B000121020022
:1025C0000091280001F074FD2049BFE72049280050
:1025D00001F04CFC2100280001F064FC1D4D21009D
:1025E000280001F043FC1C49280001F03FFC56E79D
:1025F000ABAF00003AAD00003FAD000047AD0000BA
:10260000480700202C0200204CAD000069AD0000FE
:10261000300200209DAD0000A6AD0000C4AD00005A
:10262000CBAD000004000020D4AD000015AD0000CB
:10263000EAAD000008000020F4AD000027AD000066
:1026400012AE0000000000201BAE000037AD0000FD
:1026500036AE0000B8020020A0AE000010B5084859
:1026600001F00EFC074B1B78002B06D00022064819
:10267000C254FFF705FFFFF7D1FEFFF7C5FE10BDFF
:1026800048070020B40200203402002070B59625CF
:10269000124CAD012900200000F03EFB290010483B
:1026A00001F034FF0F4802F009FB200001F0E8FBC5
:1026B0000D4D2000290001F0F5FB0C49200001F030
:1026C000F1FB0B49200001F0EDFB2900200001F097
:1026D000E9FBFFF743FEFFF797FE70BD48070020B8
:1026E000B8020020DC0500001CB0000045B000006E
:1026F00064B0000010B501000D480E4C02787E2A2F
:102700000AD8531CDBB203700B4881540022C25418
:10271000200000F072F910BD200001F0B1FB074964
:10272000200001F0BFFBFFF779FEFFF76DFEF2E737
:10273000B402002048070020340200204FAE000001
:1027400010B5104C200000F055FA002818DD2000CC
:1027500000F08CFAC0B2082801D07F2802D1FFF720
:10276000CDFCEEE70D2801D00A2802D1FFF776FF55
:10277000E7E70300203B5E2BE3D8FFF7BBFFE0E772
:1027800010BDC0464807002010B5074C200002F0DD
:1027900025F8002807DD200002F0FCF8C1B203484C
:1027A00000F02BF9F1E710BDB80200204807002027
:1027B00010B5FFF7C5FFFFF7E7FFFFF723FD10BDDB
:1027C00070B50121202002F0D3FC0021202002F06E
:1027D0001BFD0A2002F072FA0021202002F0C8FC42
:1027E000642002F06BFA202002F056FC96230500CC
:1027F0009B002F4C984222D92E49200001F05AFE0E
:10280000200001F043FD03210B2002F029FD0321EC
:102810000C2002F025FD00226B21200001F06CFD50
:102820000121200001F0AAFD1B21200001F0A6FDDE
:102830002000032101F04AFD200001F03CFD1D496C
:10284000200001F037FE200001F020FD03210B20C5
:1028500002F006FD03210C2002F002FD00226B2194
:10286000200001F049FD0721200001F087FD96239B
:102870002B219B009D4200D92039200001F07EFDD4
:102880000321200001F022FD200001F014FD0121B0
:102890001E2002F06DFC01211E2002F0B5FC01217A
:1028A0001F2002F065FC01211F2002F0ADFC70BD6D
:1028B00038070020A086010010B5024801F0A9FFEA
:1028C00010BDC046B802002010B5024801F0A1FFBB
:1028D00010BDC046F40400207FB51949194801F025
:1028E0003FFC1949194801F03BFC1949194801F00E
:1028F00037FC1949194801F033FC194C19492000DB
:1029000001F02EFC184E1949300001F029FC012578
:1029100003233100019500930D220B33144801F07D
:102920000DFF1D230393013B02931A3B0193009576
:1029300018331B2221000F4801F0BCFE7FBDC046AA
:102940000008004230070020000C0042340700203D
:102950000010004238070020001400423C0700200D
:10296000400700200018004244070020001C0042DD
:10297000B8020020F40400200020704770B50F2634
:10298000CB1D013902003240D5B22C000009303491
:10299000092A00DD07341C70013B8B42F2D170BD67
:1029A00010B50C000B4B1868FFF7E8FF21000A4B2D
:1029B00008311868FFF7E2FF2100084B1031186852
:1029C000FFF7DCFF2100064B18311868FFF7D6FF30
:1029D000202010BD0CA0800040A0800044A08000FA
:1029E00048A0800008B4024B9C46103808BC6047E1
:1029F000A129000070473F20704713B56B4602685D
:102A0000D9710733546819000122A04716BD000090
:102A100070B50A260B7892B06E44023305000B7035
:102A20003C220021300004F039FD394801AC069009
:102A3000384824210790062020776846364AA1743A
:102A40002281364A364BA281FD3AFF3A8018C1777F
:102A5000684623390630C17768460730C17702A837
:102A6000C1770720F277032608316944C87703A9A4
:102A7000CE7710212B366E443170092621851F3107
:102A800069440E700CA9053E0E7033212380022389
:102A900069440B7006360DA90E7022493536A186A1
:102AA0003B216E44307010A86274E27702703D32B0
:102AB00069446A440B70137040210022E370237153
:102AC0006371A37341336B44218719705A702B7D56
:102AD000C039A370A37263770133DBB2A3776A7D39
:102AE0000B200D0068441543C577312068440370FE
:102AF0003A23501C6B441870412302320A436B4442
:102B00001A7021004222084800F05CFF12B070BD2C
:102B1000100104240206052409040000010200003B
:102B2000080B000007050000B007002008B4024BA6
:102B30009C46103808BC6047112A000070B5027D21
:102B40000B790C0000259A420BD10B784E78A12B03
:102B500009D1212E05D107221F49204800F032FF5C
:102B60000135280070BD212BFBD1202E2BD107224F
:102B700019491A4800F068FE174B1A78597809026B
:102B800011439A7812041143DA7812060A43962107
:102B9000C9008A421DD1DB79DB071AD4FA2001F083
:102BA00091FA00210D4801F019F80125232ED8D102
:102BB000E378A2781B021343094A002107481360F7
:102BC00001F00CF8CDE7222EEFD18A78024BDA71B2
:102BD000D2E701F081FAE4E710000020B0070020FE
:102BE0000C00002008B4024B9C46103808BC60471B
:102BF0003D2B000010B5417D006A013100F05CFD05
:102C0000034B1B6801335A1E9341181810BDC04670
:102C10001800002010B5417D006A023100F062FD0D
:102C200010BD10B5417D006A023100F029FD10BDD4
:102C300070B50D00417D0400130002312A00006AC6
:102C400000F016FE002801D10123636070BD000072
:102C500010B5054C23685A1C04D103685B6998477A
:102C600003002060180010BD18000020074A030070
:102C7000106810B5411C03D001235B42136010BDE6
:102C8000597D186A013100F0A3FDF8E71800002013
:102C90007047002070477047FA239B0010B583608F
:102CA0000F4B0022C3820300283383610D4B0400C5
:102CB0004260C2611800443323610830631D216201
:102CC0002060DA778323A362813BE362803323634E
:102CD00000F0AEF82100103100F07EF8200010BDA9
:102CE00003020000D4B30000022110B5094B1A689A
:102CF000437D5B01D318FF339C7A21439972437D56
:102D00000133DBB25B01D3180122FF33997A0A4306
:102D10009A7210BD680C00207047000010B502497F
:102D20000248FFF7B9FF10BDB00700204807002098
:102D300070B50E0000254468002C0BD023683100CC
:102D40005B6820009847002802DB2D18E468F3E751
:102D500001256D42280070BD70B50D004468002C3F
:102D600008D0236829009B6820009847002802D1DA
:102D7000E468F4E7200070BD70B50D0000264468DB
:102D8000002C09D02368290020001B6998473618B9
:102D90002D18F6B2E468F3E730002C7070BD70B502
:102DA0000D004468002C08D0236829001B6820000F
:102DB0009847002802D1E468F4E7200070BD70B5A0
:102DC0000D004468002C06D023682000DB68290031
:102DD0009847E468F6E770BDF0B58C794578030054
:102DE0002A190020072A1FDC5A68824216D159602E
:102DF0001A78C8790A7112184D711A7000220B4D99
:102E0000D0B284420FD98F6858789600F75986005F
:102E10000130775101325870F2E70200D068002883
:102E2000FBD1D160E4E70120F0BDC0468807002057
:102E30000121064A10B5136805480B4004D18024CF
:102E4000640004804360116010BDC0467C07002010
:102E500080070020704710B5040001F0B5FF200086
:102E600010BD0000F0B5822919D1C3B2294D5A0115
:102E7000AA189169284C80010C40C0218905214382
:102E800091612649083340187021506128685B0120
:102E90001A5C8A43110030220A431A54F0BD0029FB
:102EA000FCD1C026C1B21B4C4B01E3189A681A4DE5
:102EB000B6052A4032439A60194A800182185A6046
:102EC0000A000727246808325201115DB9430F0038
:102ED0000121394311559F6910493D4040182E4347
:102EE0009E6158617020115D8143080010210143EB
:102EF000115599680B48A2180840802149030143E5
:102F000099609968890B89039960402311790B4373
:102F10001371C3E7680C0020FFFFFF8FDC07002060
:102F20009C090020FF3F00F0EFF3108303600123B2
:102F3000436072B670470368002B02D162B6BFF3DC
:102F40006F8F7047F7B50600FC36B3690400002B9D
:102F500018D1B2277F00C55D6846FFF7E5FF019BEA
:102F6000EDB2013B02D3E55DEDB2FAE768460193AD
:102F7000FFF7E1FF002D01D10020FEBD706E336E22
:102F8000C01AFAE76846FFF7CFFFD8220025019B59
:102F90005200013B02D3A55CEDB2FAE7684601930B
:102FA000FFF7C9FF002DE7D0D6235B00E058043BB4
:102FB000E358E5E710B54468FC3043690B48DBB2E1
:102FC0005A01A2189168083308408021490301433F
:102FD000916091685B01890B890391602268D31825
:102FE000402219790A431A7110BDC046FF3F00F014
:102FF000F7B50500FC356B694268DBB219000400C7
:103000000831106849014118C979C90711D55B0118
:10301000D21893689B049B0C0CD12000FFF7CAFFC9
:1030200063681A686B69DBB208335B01D3187F22CF
:10303000DA71F7BDE969002923D16B662300012607
:103040006933FF33EE6168465360B227FFF76CFFC8
:103050007F00B221019BFF31013B5A1C38D0D8229E
:10306000E6555200A25C581ED2B26254625C84469D
:10307000002A04D120000193FFF79CFFE9E7634693
:10308000EBE7D621490063500023EB6123001D3399
:10309000FF3353606846D826FFF746FF01277600C6
:1030A000B221019BFF31013B5A1C11D0B222A7551E
:1030B0005200A25C581ED2B26254625C8446002A5E
:1030C00004D120000193FFF775FFE9E76346EBE7C2
:1030D00068460193FFF72FFFA2E7F7B506006846A1
:1030E0003400FFF721FF0027FF22019BFC34013B46
:1030F0000DD3E0682169884204DBE7682069D71BAB
:103100003F18F4E72769E1687F1A013FEFE7684657
:103110000193FFF710FFA3696846002B52D1FFF718
:1031200003FFB221019B4900013B5A1C0CD0755C86
:103130005A1EEDB2002D05D168460193FFF7FBFE44
:103140002800FEBD1300F0E7684601930025FFF755
:10315000F2FEFF22236EBD4214D0616E994211D956
:10316000591CF3182166FF33587FE3682169013346
:10317000C0B213408B4203D0E16871180872E3605B
:103180000135E7E7626E9A42DAD100232366013304
:10319000A3616846B224FFF7C7FE6400B222002193
:1031A000019BFF32013B581CC6D03155B05C5F1EFD
:1031B000002805D0B15430000193FFF7FBFEEDE786
:1031C0003B00F0E7FFF7B0FED821019B4900013B2F
:1031D0005A1C06D0755C5A1EEDB2002DACD01300FF
:1031E000F6E768460193FFF7A6FED623D4225B00DC
:1031F00000259C465200B358BD4203D06146715829
:10320000994220D86246B2589A4299D1D4220023DA
:103210005200B3506846A361D824FFF785FE6400CE
:10322000B2220021019BFF32013B581C00D183E7F1
:103230003155B05C5F1E002819D0B15430000193A5
:10324000FFF7B8FEECE7591CB150FF21F3186933C2
:10325000FF331878E368C0B201330B4021698B4219
:1032600003D0E16871180872E3600135C3E73B00E1
:10327000DBE710B50400FFF730FF2300FC331969CA
:10328000DA68914203D01B69E418207A10BD01204E
:103290004042FBE710B50400FC34FFF71EFFE06876
:1032A0002369C01A01D50130FF3010BDF0B585B0DB
:1032B000019200910500FFF710FF02A8FFF734FE0E
:1032C00001200024FF26039B40425A1E531C1FD09E
:1032D0002B00FC3301998C4218D2D9681F69C91B95
:1032E00001D50131FF31002910D01969DF688C4602
:1032F0000100BC4506D019691F69691801373740BC
:10330000097A1F61009F39550134E3E7013ADDE78F
:1033100002A80392FFF70FFE200005B0F0BD37B5FD
:103320006B46DC1D00230D002370FFF781FD21009B
:10333000FFF7FEFC2B681818286020783EBD0000BF
:103340002023F7B5474A0500D1690F200B43D3610D
:10335000012245490B7813430B70444B1978814384
:10336000197006211C782143197041490C782243B9
:103370000A701A7802401A70602219780A431A708B
:103380003C4B3D4A5A805F78FF09FCD13B4801F035
:1033900059FC01233A4C3B4E2268300011780B4314
:1033A000137080223900520004F078F82268937874
:1033B000DB07FCD456621F26334B1B68590B980C55
:1033C0009B01314030405B0FB14200D105211F28E5
:1033D00000D10238072B00D1043B31408901178D01
:1033E00001912A4930400F40019939431185118DCF
:1033F0000700B143080038431085118D1803244B92
:103400007F260B4003430C2013850823D17881438A
:103410000B430321D3702268D3788B4301390B43CC
:10342000D37022681378334013700423226816780F
:10343000334313702268C1241389A40083431548C1
:10344000138103591B021B0A035180230360137865
:1034500011481943012311702B700021FFF75CFC08
:10346000F7BDC04600040040584400413C440041C0
:1034700059440041000C004006400000ED3D0000B2
:10348000680C00206C0C0020246080003FF8FFFFD7
:10349000FF8FFFFF00E100E04807002000780028D0
:1034A00010D00121084B1B681A898A431A8108220F
:1034B000198B0A431A830422198B0A431A830022A8
:1034C000024B1A607047C046680C0020600C002058
:1034D00010B50F4A93699B0B9B03936113680222FB
:1034E000FF331A729879823A02439A711A7A9207D4
:1034F000FCD57F24074A2140937A0800A343190092
:10350000802301439172917A5B420B43937210BD09
:10351000680C00200050004110B50C00FFF788FC3B
:103520002100FFF73CFC002804D1034A93699B0B60
:103530009B03936110BDC046680C0020F7B50D00D9
:10354000832A19D1CBB2404C5A01A21891693F4845
:10355000AD010840C0218905014391613C492068C3
:103560006D187021083355615B011A5C8A431100A4
:1035700040220A431A54F7BD022A5FD1354B8A0014
:10358000D058002802D003685B699847DA204000D1
:1035900001F016FC802204002B4E2F4B4660036086
:1035A00052000021083003F079FF2200B2210023ED
:1035B000FC324900D3605561136113669361D36196
:1035C000536663544431635004316350043163548F
:1035D000B221FF316354FF202B00034059010193B6
:1035E00071188F68194BAD003B40C027BF051F43C2
:1035F0008F600727019B366808335B01995DB943EB
:103600000F00032139439955230051696668014031
:103610001D334901FF3371184B60636852691B68A1
:10362000024052019B1801221B18997A20000A437C
:103630009A72FFF7BFFC074BEC509CE71100280083
:10364000FFF710FC97E7C046680C0020FFFFFF8FD4
:10365000DC070020B407002034B4000070B505007A
:103660000124064BA200D258002A06D021002800CF
:103670000134FFF763FF0A2CF3D170BD88070020E7
:103680000B4BCAB20B488901C9185301C3185961C1
:1036900099690832890B89039961036852019A1864
:1036A0000223D3715179823B0B4353717047C0465B
:1036B000DC070020680C0020084B8A00D05810B5A9
:1036C000002803D003689B68984710BDC9B2044B1B
:1036D0004901591888688004800CF6E7B407002077
:1036E000680C002010B50C00FFF7E6FF00280CD096
:1036F000064BE4B21B68083464011C19802362790C
:103700005B42134363710223E37110BD680C002018
:10371000F0B51C002A4B85B01B6807000D00029213
:10372000002B4AD0274B8A00D058002808D00368C5
:1037300022005B68029998470400200005B0F0BDA4
:103740003800FFF7B9FF844204D929003800FFF799
:10375000B3FF04000121EBB21B4E03935B01019305
:10376000F21893689B0B9B039360019A336802984D
:103770009B18FF335A7A0A435A72144BA901C9188D
:10378000220003F06FFE002CD7D029003800FFF78D
:1037900093FF0028D1D14021039B326808335B019D
:1037A000D3181879014319710121D971019BD318DC
:1037B000FF339A7A0A439A72BFE701246442BCE756
:1037C000600C0020B4070020680C00209C09002039
:1037D00013B56B46DC1D22000123FFF799FF01287A
:1037E00001D1207816BD01204042FBE770B5CBB275
:1037F000124A13485C0189018918021951609168C5
:10380000104D08330D408021490329434025916024
:103810009168890B8903916001685A018A181679A9
:103820003543157195796D06FCD55B01C918CB79C7
:10383000DB07FCD500198068C0B270BD9C09002070
:10384000680C0020FF3F00F070B50D00002114004F
:10385000FFF7CCFFA04200D9200000230349A34278
:1038600003D0CA5CEA540133F9E770BD9C0900201B
:10387000F0B51E003A4B85B01B680F000192002B7B
:1038800035D08023DB019E4231D80025354B8A019B
:10389000D3180293002E2CD0334B1B680393FF23C5
:1038A0003B401C0000930834039B64011C19A3795E
:1038B000DB0921D02D4B2E49186801F04FFD2D4B0F
:1038C0001721584301F04AFD2B4BE279920713D49C
:1038D000DA5D002A01D10138F7D20122DA55009BC6
:1038E0005A01214B9B189A69920B92039A61012508
:1038F0006D42280005B0F0BD00221F4B3400DA55A0
:103900003F2E09D9009B40245A01174B9B18802257
:10391000996912060A439A6122000199029803F0FC
:10392000A1FD009BA1045A010F4B890C9B18029A20
:103930002D195A619A69361B920B92030A439A61B8
:10394000009B039A08335B01D3180222DA7159797C
:10395000823A0A435A71019B1B1901939AE7C046A8
:10396000600C0020DC070020680C002020000020F4
:1039700040420F0070110100D107002070B50D000A
:103980001C000D4BAE01F61811003000220003F0B0
:1039900069FDEDB209496D014D196E61AB69084AC7
:1039A00020001340AB61AB69A2049B0B920C9B03FC
:1039B0001343AB6170BDC046DC070020680C0020DB
:1039C000FF3F00F0F7B5104B01901B780F0015007A
:1039D000002B0CD10D4B16001C78002C09D00C4E7E
:1039E0000C4834882018641903F03CFD348028000A
:1039F000FEBD002EFBD03A19330000210198FFF7DD
:103A0000BDFF2418361AF4E75C0B00205D0C002083
:103A10005E0C00205D0B0020F8B50F00160000249E
:103A2000012A26D9100003F0F7FC0500380004F045
:103A300091FA032302220130400028706B709642F5
:103A40000DD9397800290AD0531CDBB20137A954AB
:103A50009E4203D00232EC54D2B2F0E73200290089
:103A60000548FFF7AFFF441EA041C4B2280003F091
:103A7000DDFC2000F8BDC046B0070020F0B50024F2
:103A8000012685B0184B0F0069461E700500009492
:103A9000FFF745FC154B01A90B806A3BFF3BCB713F
:103AA0005A330B72009B8C7109334B800E4B4E7155
:103AB00008711C703A00092F0FD00D4F09223E707B
:103AC0000C4E280000943480FFF77CFF69462800E4
:103AD000FFF725FC328808493C702800FFF772FF89
:103AE000012005B0F0BDC0465C0B002009020000BB
:103AF0005D0C00205E0C00205D0B002070B5CE78C0
:103B000092B005000C00022E0BD18B79C9792E489A
:103B100009021943FFF7B2FF411E8841C0B212B03B
:103B200070BDFFF785F92100FFF716F9002803D0D3
:103B3000C117081AC00FF2E7012E0ED1E279A3795E
:103B400012021A432149112A3CD8D2B2002A39D094
:103B50002800FFF737FF0120E1E7032EDFD1A3782C
:103B6000002B28D0022B08D1E279A3791202184940
:103B70001A432800FFF750FFD1E7012B05D1E27966
:103B8000A37912021A431349F3E7032BC7D10100AB
:103B9000412201A803F082FCFFF74AF901A9FFF7CF
:103BA000EBF8002805D0E279A37912021A4301A9A3
:103BB000DFE70378FFDEE279A37912021A430649B0
:103BC000032AC2D90A78C3E7B007002076B4000000
:103BD00050B400006AB4000066B40000CBB20449DF
:103BE0005B01C9188B699B0B9B038B617047C046B7
:103BF000680C002037B5050048780C000B2810D859
:103C000001F0A2FB061B0F2B0F404561494C5A5D8A
:103C1000097801AA002906D1022311802800FFF7A4
:103C2000ADFE01203EBD00231380284B1B78012BE5
:103C300000D1137002230021F0E78A780023012AC3
:103C400003D101AA1380224BF0E7204A1370214AC6
:103C500093699B0B9B039361E3E78C78012C06D15E
:103C600000211B4B01AA1C7011702300D6E7012014
:103C7000002CD7D1154B174A187093699B0B9B03E7
:103C80009361CFE789782800FFF722FCC9E7280075
:103C9000FFF734FFC6E701230F4ACCE70B7800207B
:103CA000DB06BFD12800FFF7D9FCA2780A4B0B48EE
:103CB0001A60FFF719F8CAE70123094ABBE78A78B7
:103CC000074B1A60C3E70020ACE7C046D0070020CE
:103CD000D8070020680C0020600C00204807002056
:103CE000640C00203B4BF7B51E780500002E5FD119
:103CF000394C23689A8B12070DD5082231009A831C
:103D00003000FFF7AFF810222368FF33997A0A4397
:103D10009A72324B1E6023689A8B520701D5042297
:103D20009A83FF331A7A920603D52022597A0A43DE
:103D30005A721A7AD20623D569460800284AC0CAA0
:103D4000C0C0A268920B9203A2604022587902433D
:103D50005A7160230A7828001A422AD1FFF74AFFD5
:103D60002368FF33002827D08022997952420A43E2
:103D70009A711A7A520603D54022597A0A435A7226
:103D80007F2601252368FF331E722F002368083722
:103D90007F01DB19DB79002B07D0124BAA00D0582A
:103DA00000280DD003681B6898470135082DECD119
:103DB000F7BDFFF7B1FBD3E720210B4A9171D8E79C
:103DC000FFF736F82900FEF7FAFF2368DF19FE71C6
:103DD000EBE7C0465D0C0020680C0020600C002062
:103DE0009C090020B4070020FF50004110B5024894
:103DF000FFF778FF10BDC046B0070020014B024A14
:103E00001A607047680C002000500041F7B50600AA
:103E10000D000C008B180193019B671B9C4207D07F
:103E2000336821781B683000984701340028F3D1AB
:103E30003800FEBD70B5040008000D0004F08AF8DB
:103E40002368020029005B682000984770BD10B508
:103E50000B1E02D0FFF7EEFF0300180010BD10B5D7
:103E600003688A685B680968984710BD10B5FFF75A
:103E7000EEFF10BD10B503681B68984710BD000029
:103E800010B50249FFF7D6FF10BDC046A0AE000036
:103E900070B50500FFF7E3FF04002800FFF7F0FF0F
:103EA000201870BD70B50400FFF7D1FF0500200099
:103EB000FFF7E6FF401970BDF0B58BB06B461500FB
:103EC000002205330600DA770800012D00D80A2504
:103ED00009AC290001F0C8FACAB213003733070051
:103EE000DBB2092902D813003033DBB2013C237066
:103EF000002FEED121003000FFF7A9FF0BB0F0BD7D
:103F0000F8B506000C00151E04D10368C9B21B6881
:103F10009847F8BD0A2A0CD100290BDA2D21FFF7AA
:103F2000A9FF614207002A003000FFF7C5FF3818DB
:103F3000EFE7D2B221003000FFF7BEFFE9E710B58E
:103F4000FFF7DEFF10BD0000F7B51E0008AB1B78C1
:103F500031000193050033001000170003F0B0F8A2
:103F60004B49002814D10122740064085242494B85
:103F70003800210003F0A4F800280FD10122454B9E
:103F800052423800210001F07FFB002806D142494F
:103F90002800FFF74FFF04002000FEBDE0223F4B4A
:103FA00012063800310001F079FB002801D03C49AD
:103FB000EEE7E0223B4B12063800310001F05AFBDD
:103FC0000028F4D1002200233800310001F052FB18
:103FD000041E07D02D212800FFF74CFF802304008A
:103FE0001B06F618002300202F490093019B009A1E
:103FF000934208D02D4B002201F09EFE009B01331E
:10400000DBB20093F2E733003A0001F079FB0F00D6
:10401000060001F057FB0A22019001002800FFF77B
:104020004BFF009B0419002BB6D0019803F09AF8BF
:1040300002000B003000390002F0FAFC06000F000D
:1040400028002E21FFF716FF2418009B013BDBB24E
:104050000093FF2BA0D0154B00223000390002F056
:1040600075FA0F00060001F02DFB0A2201000190F5
:104070002800FFF721FF2418019803F073F80200CD
:104080000B003000390002F0D3FC06000F00DCE723
:1040900088B40000FFFFEF7F8CB40000FFFFEF410A
:1040A00090B40000FFFFEFC10000E03F000024409B
:1040B00037B51D00069BDBB200932B00FFF744FFD2
:1040C0003EBD000010B50400FEF7E5FD014B1C608D
:1040D00010BDC0461C0000200122024B52421A6053
:1040E0007047C0461C000020164A10B51368591CC2
:1040F00026D0013B1360002B22D172B6124B134A1B
:104100000433934213D9124A01211000147D0C424A
:10411000FCD02021148BFF319B085B0021431183CD
:10412000D3610C4B13800123027D1A42FCD0BFF3F4
:104130004F8F094B094ADA60BFF34F8FC046FDE746
:1041400010BDC0461C00002000200000030200003B
:104150000040004102A5FFFF00ED00E00400FA0569
:10416000016070479446F0B59E1E721E96416246ED
:10417000056892072F6836063A4332432A600725BE
:1041800005AC24780068A40129402143426800243A
:10419000022B00D05C03114321434160F0BD30B5D8
:1041A000C0250368AD031C6812052A402243C024C1
:1041B0000904A40221401143196003685A6814439A
:1041C0005C6030BD0123026811680B431360036813
:1041D0001A68D207FCD4DA69D207F9D470470223EF
:1041E000026811680B4313600268D3699B07FCD413
:1041F000704703681A7ED20702D41A7E9207FCD554
:104200007047002203685A8370470368187E40078E
:10421000C00F70470368187EC0097047802302688A
:104220005B42117E0B43137670470368588B8007FF
:10423000C00F704702230268518B0B4353837047B2
:104240000368187EC007C00F70470368188DC0B29E
:10425000704703681A7ED207FCD589B20120198500
:104260007047012203689A757047012203681A7526
:1042700070470123026811680B43136003681A68D2
:10428000D207FCD4DA69D207F9D470470223026856
:1042900011680B4313600368DA699207FCD430217C
:1042A0005A8B8A43110010220A435A830268D36949
:1042B0005B07FCD470470221026813688B431360CC
:1042C0000268D3699B07FCD470470000032230B515
:1042D000036811401C68074D5A6809042A40E40627
:1042E0001143640F5960052C03D10268D3695B0741
:1042F000FCD430BDFFFFFCFF70B5056804006B8B7C
:104300009B069B0F022B0DD06B8B00209B069B0FF7
:10431000032B32D06B8B9B0704D56B8B9B069B0FBB
:10432000012B2AD16B6A49001143DB0AC9B2DB02B7
:104330000B436B622368002A13D11A7ED207FCD587
:104340005B8B9B069B0F022B04D0490800222000A8
:10435000FFF7D2FF2368588B4007C30F0120584056
:104360000BE0187E8007C00FF4D11A7ED207F8D573
:10437000C022596892020A435A6070BD036828330C
:1043800019700368187EC007C00F03D15A8BD2077B
:10439000F8D57047588B4007C30F01205840F8E705
:1043A0000368214A30B593422FD0204A93422FD040
:1043B0001F4A93422FD01F4A93422FD01E4A934246
:1043C0002FD01E4A93421FD10E231922012103250B
:1043D00099401B48C024016099082B40AB40FC3534
:1043E0009D4089000918A4000859A843C0259D4094
:1043F0002B0003430B518023DB011A43114B5A80DE
:104400005A7852B2002AFBDB30BD09231422DDE7C3
:104410000A231522DAE70B231622D7E70C231722EB
:10442000D4E70D231822D1E700080042000C004217
:10443000001000420014004200180042001C00421C
:1044400000E100E0000C0040F8B504000F00160089
:104450001D00FFF7A5FF2000FFF7B4FE1C21BB00E5
:104460000B4071072268090C0B43136084232268F8
:104470009375012F1AD11021012E00D008390C4B51
:1044800069431868C00000F069FF072221680240F4
:104490008B895203DB04DB0C13438B8122680304FA
:1044A0009089DB0C400B400318439081F8BDC04657
:1044B00020000020F8B504000F00FFF771FF200076
:1044C000FFF7D7FE1422236879001A600C4B256889
:1044D0001E68300000F042FF0A490400300000F07E
:1044E0003DFF7D23FA215843C90000F037FFFF2329
:1044F000241AE868053C1C4098430443EC60F8BD6E
:104500002000002040420F000120704710B50368D2
:10451000014A1B6A984710BD130400000300FC33D6
:10452000D9699A69914203D0DB69C018007D704750
:1045300001204042FBE710B504000069FFF742FE8E
:1045400022000023FC329361D36186229200A418DA
:104550006360A36010BDF0200140303948424841FB
:104560007047F0231B011940802306209B009942CD
:104570000AD00133FF330130994205D0802302383D
:104580005B00994200D0002070470F2001400020BE
:10459000012903D00239481E8141481C70470000A0
:1045A0008923F0B5182685B002919B000400C05CF9
:1045B000330008214343324D1700EB18595600F0E1
:1045C0004FFE304B0821E05C33004343EB18595653
:1045D00000F046FE2C4BE25C0393022A09D1113312
:1045E000E05CFF2805D008214643AE19715600F063
:1045F00037FE8A26B600A05DFF2819D0012100F001
:10460000B7FD1822A35D21495A43AB56AD18DB0113
:1046100058188B21890060501D4901225B188C219C
:104620008900635069688A408D21890062501A6050
:104630000122029B11002069FFF706FF39002000CC
:10464000FFF78FFF390005002000FFF79EFF3900BC
:1046500006002000FFF77FFF33000090290020694B
:104660000122FFF77FFD0B4B2069E25C039BE15CBD
:10467000FFF795FD2069FFF7B2FD05B0F0BDC0461C
:1046800074B0000025020000270200001844004119
:104690001444004126020000802210B5040052009C
:1046A000002102F0FBFE23000022FC335A602000B0
:1046B0009A6010BDF0B585B01D000AAB1B780400F0
:1046C00000930BAB1B78160001930CAB1B780F000B
:1046D00002930DAB1B78039300234360FA239B00E6
:1046E0008360124B083303601430FFF7D5FF2000BE
:1046F0001D30FF30FFF7D0FF89236A469B002761FA
:10470000E6540B4B1278E5540A4B2000E2546A46FB
:10471000094B1279E2546A46127A0133E2546A462E
:10472000127B1033E25405B0F0BDC04694B40000D3
:10473000250200002602000027020000F7B51D0038
:1047400008AB1B780400009309AB1B78160001939B
:1047500000234360FA239B008360114B0F00083352
:1047600003601430FFF798FF20001D30FF30FFF783
:1047700093FF89236A469B002761E654094B127810
:10478000E554094B2000E2546A46084B1279E25482
:104790008A22293BFF3B9200A3541032A354FEBD52
:1047A00094B4000025020000260200002702000049
:1047B0000300FC3358689B68C01A01D50130FF30F4
:1047C000704710B5040020001D30FF30FFF7F0FFE8
:1047D0000028F8D12069FFF70CFD10BD10B514308A
:1047E000FFF7E6FF10BD0300FC3359689A68914259
:1047F00004DB5A689868801AFF30704798685B68D5
:10480000C01A0138F9E710B51D30FF30FFF7EBFF94
:1048100010BD10B504000069FFF707FD002805D0A2
:104820002069FFF712FD2069FFF704FD2069FFF7FB
:10483000ECFC002820D02069FFF707FD2200FC32A5
:104840009369D1690133DBB28B4203D0916961185E
:10485000087593618A239B00E35CFF2B0CD020003A
:104860001430FFF7C0FF092806DC8B238D229B0044
:104870009200E358A2581A602069FFF7E1FC002873
:104880001AD020001D30FF30FFF792FF002822D001
:1048900086239B00E31899685A68914218D08E21AC
:1048A0009A684900A218515C9A680132D2B29A60A3
:1048B000C9B22069FFF7CDFC2069FFF7ABFC0028E7
:1048C00005D02069FFF7AAFC2069FFF79AFC10BD0C
:1048D00001214942ECE72069FFF7C7FCECE7000043
:1048E00070B5040000690D00FFF7AAFC00283ED156
:1048F000FF2686239B00E3185A68996801323240EC
:104900008A4223D1EFF31083DB0710D41E4B5B6880
:10491000DB05DB0DEDD0103B5BB2002B10DA0F2274
:104920001340083B9B08194A9B009B181B68206991
:10493000FFF786FC0028DCD02000FFF76AFFD8E7ED
:104940009B08C033124A9B009B58F0E75A6801321B
:1049500016409A68964205D08E215A684900A218DE
:1049600055545E602069FFF77CFC012070BD20007B
:104970001D30FF30FFF71CFF0028B9D12900206946
:10498000FFF767FCF1E7C04600ED00E01CED00E03A
:1049900000E100E0030070B5FC33D9699A690400B6
:1049A00091421AD0DA698218157DDA690132D2B2E1
:1049B000DA618A239B00E35CFF2B0CD020001430CB
:1049C000FFF711FF0A2806DD8C238D229B00920041
:1049D000E358A2581A60280070BD01256D42E8E72F
:1049E00010B504000068002801D002F01FFD20006F
:1049F00010BD10B504000068002801D002F016FDBB
:104A000000232360A360636010BD70B504000D0037
:104A10000068013103F050FA031E01D0012028C4C0
:104A200070BD036810B50400002B04D043688B42AE
:104A300001D3012010BD2000FFF7E7FF0028F9D0C7
:104A4000A368002BF5D122681370F2E770B50E0051
:104A5000110004001500FFF7E4FF002804D1200036
:104A6000FFF7C7FF200070BDA5603100206803F08C
:104A700069FAF7E7002370B504000D000360436096
:104A80008360994207D0080003F064FA290002000D
:104A90002000FFF7DBFF200070BD70B505000800A7
:104AA0000C0003F057FA210002002800FFF7CEFFA8
:104AB00070BD10B5002304008AB023606360A3605A
:104AC000080001A900F058F9200001A9FFF7E5FF4F
:104AD00020000AB010BD10B50B000400884205D0BC
:104AE0000968002904D09A68FFF7B0FF200010BDC4
:104AF000FFF77FFFFAE7002310B50400036043606F
:104B00008360FFF7E8FF200010BD10B50400002906
:104B100003D0FFF7C2FF200010BDFFF76AFFFAE7DE
:104B2000002370B516008CB00400036043608360FE
:104B3000951C081C02F048FB6DB203AB00932A00E1
:104B4000330000F0EDFB01002000FFF7DEFF200046
:104B50000CB070BDF8B504000F1E02D10026300065
:104B6000F8BD0126002AFAD08368D5182900FFF77E
:104B700058FF0028F2D02368A2683900981803F083
:104B8000E1F9A560EBE710B58A6809680400FFF752
:104B9000E1FF002802D12000FFF72BFF200010BD0D
:104BA00070B504000D1E04D12000FFF722FF200085
:104BB00070BD080003F0CEF9290002002000FFF7C5
:104BC000C9FF0028F0D0F2E7FEE70000034B10B564
:104BD0001B68002B00D0984710BDC0466C0D00200C
:104BE00070B50F490F4CA14204D100F0F1F800F06C
:104BF000C7F8FEE70C4D00238D42F6D0CA18E8181E
:104C0000A24205D3094B8242EFD00949002204E0B9
:104C1000006804331060F1E704C38B42FCD3E4E77F
:104C20000000002010020020FCB70000100200204D
:104C3000840D002010B500F064F8002801D100F0C8
:104C400055F810BD014B18607047C0466C0D002030
:104C5000014B18687047C046700D0020F7B5134827
:104C6000012284461249134C8E68636805689B0EC6
:104C70001340019288686268019F920E3A4067462D
:104C80003F6893420ED1BD420CD186420AD35B19D4
:104C9000FA254868AD00861B07486B437043000D3A
:104CA000C018FEBD3D0013000600E3E7700D0020B4
:104CB00010E000E000ED00E05555000070B5041E66
:104CC00010D0FFF7CBFF050000F01AF8FFF7C6FF82
:104CD000054B401B9842F7D9FA23013C9B00ED1885
:104CE000002CF3D170BDC046E703000010B5034AA5
:104CF000136801331360FFF7F7F910BD700D002042
:104D0000704700207047F0B50C008BB016000029EA
:104D100026D0931E222B2DD80A2A05D1002803DA8B
:104D20000127404201AD0AE00027FBE7310000F017
:104D30009BFBCBB2092916D830332B7001352A00E2
:104D40000028F3D101ABAB42F0D02300002F02D0FA
:104D50002D21631C217001A98A4206D800221A70F5
:104D600020000BB0F0BD5733E7E7013A1178197016
:104D70000133F0E70024F3E710B5FFF7C4FF10BDDF
:104D800010B500F0D5F802F01FFBFDF719FD01206A
:104D9000FFF794FF084C2000FEF7D2FA2000FEF740
:104DA0007DFBFDF773FCFDF703FD044B002BFAD0F0
:104DB00000E000BFF7E7C046B00700200000000099
:104DC00010B502F029FB10BD10B502F02FFB10BD8D
:104DD0001E2270B546484749436893431C3A134323
:104DE000436008238C6923438B61434C434B9C8273
:104DF0009C8A14439C82DC681442FCD00124404A03
:104E000014701578254203D055786DB2002DF8DB6B
:104E100001249460547864B2002CFBDB394C54605C
:104E2000547864B2002CFBDB8224E4015480547873
:104E300064B2002CFBDB02249C840E34DD68254226
:104E4000FCD0314CDC621024DD682542FCD09D8C06
:104E50002E4C2C439C841024DD682542FCD0022477
:104E60009D8C80262C439C844024DD683542FCD0F8
:104E7000DD682542F9D01024DD682542FCD00024ED
:104E80009460547864B2002CFBDB214C546054785D
:104E900064B2002CFBDB1C6A1E4D2C4080251C627A
:104EA0001C6AAC431C62032393601B4B5360537812
:104EB0005BB2002BFBDB0023FF240B72174A4B7203
:104EC0008B72CB72164B1A60164B174A1B6811680F
:104ED0009A065B01C90E2340520F12020B43134383
:104EE000124A1385802342681343436070BDC04655
:104EF00000400041000400400C0600000008004093
:104F0000000C004001050100B905FF7D040A000006
:104F100000070300FFFCFFFF03060100006CDC023A
:104F200020000020246080002060800000400042BB
:104F3000FA21314B10B51868890000F00FFA2F4B99
:104F40000138984256D82E492E4A4860C020136A2C
:104F500000061B021B0A03431362002407238C6014
:104F60000B608021136A09061B021B0A0B431362A4
:104F7000FC22254B196A0A431A62FC22196A920123
:104F80000A431A62A022196AD2020A431A62200056
:104F90000021013400F0ECF80F2CF8D11B4B1C0061
:104FA0005A7852B2002AFBDB194A5A80194B1A0070
:104FB000597EC9090129FBD0E421C90099803F210C
:104FC000D970537EDB09012BFBD0C02300205B018D
:104FD0001361907000F02EF863785BB2002BFBDB5E
:104FE0000D4B0E4A6380D379DB09012BFBD04123A3
:104FF000537010BDFEE7C04620000020FFFFFF00F9
:1050000010E000E000ED00E000040040000C004073
:105010001E400000004000422140000000480042C5
:10502000914202D002D98A1AD0407047521A904059
:10503000FBE70000164A00B51300517EC90901299B
:10504000FBD00138042816D81969124A0A400F21EA
:105050001A615A788A4300F077F90308060B0300B7
:10506000110001220A435A7000BD11000322F9E722
:1050700011000222F6E7F02311691B050B430F21F3
:10508000136153788B43190002230B435370EBE7F2
:1050900000400042FFFFFFF010B504000E2800D8CA
:1050A0000F340121200000F0DBF8182310216343A6
:1050B0002A4CE4186156002901D014290DD1284B3F
:1050C0001800DA79D209012AFBD002241A78A24307
:1050D0001A70C379DB09012BFBD022480300427E02
:1050E000D209012AFBD01F2402692140A2430A43AE
:1050F00002615A7ED209012AFBD0022219780A43A2
:105100001A705A7ED209012AFBD00222197B0A4367
:105110001A731A7ED207FCD501221A765A7ED2095A
:10512000012AFBD00222197B0A431A731A7ED20786
:10513000FCD5588B80B25A7ED209012AFBD00221BD
:105140001A788A431A705A7ED209012AFBD0064B7C
:105150001A68064B1968FFF763FF10BD74B00000B2
:1051600000480042004000422800002024000020A7
:10517000182330B51D00040045430820204A551966
:105180002856013014D0032912D808006343D156A1
:10519000D31800F0D9F802280E1B5868CB01022161
:1051A000184A9B181A1840321170012282405A6026
:1051B00030BD5868CB010621124A9B181A1840329C
:1051C0001170012282405A609A61F1E75868CB0160
:1051D00006210C4A9B181A18403211700122824095
:1051E0005A605A61E4E75868CB010221054A9B18CE
:1051F0001A1840321170012282409A60D8E7C046E6
:1052000074B00000004400411823F0B5082458434E
:10521000114A13181C5701341BD0012635005F6852
:105220008356BD400D4ADB019A18906805420BD1A8
:105230000C00601E8441D21940321078344003368D
:10524000A400B04320431070044A9B18002901D1E8
:105250005D61F0BD9D61FCE774B000000044004159
:1052600018224243F8B52C4E0300B218127A52B2FB
:10527000140001320ED0481C00240C280AD800F07B
:1052800063F8071F1F1F1F1F1F1F1F0B0B0B0B0098
:10529000012464422000F8BD092905D1002118002D
:1052A000FFF766FF0024F5E70A2901D10839F6E780
:1052B00000240B29EED10A391800FFF759FFE9E75E
:1052C00018225343F218556801202C00F356134A54
:1052D000DB016E089B18C9B204409E19002C0DD04A
:1052E0000F2430363278090122401143C9B25B19CC
:1052F000317040331A7810431870D3E732000F270B
:10530000303216785B19BE433143117040331A783E
:1053100010431870BEE7C04674B00000004400415E
:1053200030B5040087B00D00064901A802F0E0FD89
:1053300022002B0001A90A9802F0DAFD0A9807B0B2
:1053400030BDC046C8B4000002B4714649084900E7
:10535000095C49008E4402BC7047C04600224308E5
:105360008B4274D303098B425FD3030A8B4244D32D
:10537000030B8B4228D3030C8B420DD3FF2209026F
:1053800012BA030C8B4202D31212090265D0030B2E
:105390008B4219D300E0090AC30B8B4201D3CB0324
:1053A000C01A5241830B8B4201D38B03C01A524166
:1053B000430B8B4201D34B03C01A5241030B8B4268
:1053C00001D30B03C01A5241C30A8B4201D3CB0253
:1053D000C01A5241830A8B4201D38B02C01A524138
:1053E000430A8B4201D34B02C01A5241030A8B423B
:1053F00001D30B02C01A5241CDD2C3098B4201D353
:10540000CB01C01A524183098B4201D38B01C01AD0
:10541000524143098B4201D34B01C01A5241030947
:105420008B4201D30B01C01A5241C3088B4201D3F6
:10543000CB00C01A524183088B4201D38B00C01AA3
:10544000524143088B4201D34B00C01A5241411ACA
:1054500000D20146524110467047FFE701B50020D7
:1054600000F0F0F802BDC0460029F7D076E770479B
:1054700003460B437FD4002243088B4274D30309B5
:105480008B425FD3030A8B4244D3030B8B4228D356
:10549000030C8B420DD3FF22090212BA030C8B427C
:1054A00002D31212090265D0030B8B4219D300E01C
:1054B000090AC30B8B4201D3CB03C01A5241830BA1
:1054C0008B4201D38B03C01A5241430B8B4201D351
:1054D0004B03C01A5241030B8B4201D30B03C01A7A
:1054E0005241C30A8B4201D3CB02C01A5241830AF4
:1054F0008B4201D38B02C01A5241430A8B4201D323
:105500004B02C01A5241030A8B4201D30B02C01A4C
:105510005241CDD2C3098B4201D3CB01C01A5241B3
:1055200083098B4201D38B01C01A524143098B423C
:1055300001D34B01C01A524103098B4201D30B0125
:10554000C01A5241C3088B4201D3CB00C01A52414A
:1055500083088B4201D38B00C01A524143088B420F
:1055600001D34B00C01A5241411A00D201465241A8
:10557000104670475DE0CA0F00D04942031000D3C7
:105580004042534000229C4603098B422DD3030A1C
:105590008B4212D3FC22890112BA030A8B420CD32C
:1055A000890192118B4208D3890192118B4204D355
:1055B00089013AD0921100E08909C3098B4201D3D5
:1055C000CB01C01A524183098B4201D38B01C01A0F
:1055D000524143098B4201D34B01C01A5241030986
:1055E0008B4201D30B01C01A5241C3088B4201D335
:1055F000CB00C01A524183088B4201D38B00C01AE2
:105600005241D9D243088B4201D34B00C01A5241B8
:10561000411A00D20146634652415B10104601D345
:105620004042002B00D54942704763465B1000D3CF
:10563000404201B5002000F005F802BD0029F8D075
:1056400016E770477047C0468446101C62468C4679
:10565000191C634600E0C0461FB500F00FFF00288C
:1056600001D40021C8421FBD10B500F067FE4042C2
:10567000013010BD10B500F001FF002801DB002053
:1056800010BD012010BDC04610B500F0F7FE002887
:1056900001DD002010BD012010BDC04610B500F096
:1056A00089FE002801DC002010BD012010BDC0468D
:1056B00010B500F07FFE002801DA002010BD0120A7
:1056C00010BDC04670B500220C4B04000D00FFF762
:1056D000EFFF002804D12000290001F00DFD70BD6E
:1056E000064B00222000290001F0A2F901F004FD80
:1056F00080231B069C466044F1E7C0460000E04161
:10570000F0B54F464646D6460C000903C0B5490AD7
:10571000470F5E0039431F03DB0F9C4665007B0A81
:10572000570F1F436D0DE40F760DA146C000B8461C
:10573000D200AB1B64457BD0002B5FDD002E00D078
:10574000A4E03E00164300D112E15E1E002E00D000
:105750009EE1871A4346B84280410125C91A40425A
:10576000091A0B0200D431E149024E0A002E00D181
:105770006EE1300001F0FEFD0300083B1F2B00DD51
:1057800061E120223900D21A9E40D1409F400E4351
:105790009D4200DD51E15D1B6B1C1F2B00DD7CE198
:1057A0002021C91A3D0030008F408840DD40791E1D
:1057B0008F41310007222843D940002507433A4052
:1057C000002A09D00F233B40042B05D03B1DBB42D0
:1057D000BF417F42C9191F000B0200D426E26A1C98
:1057E000C64B55056D0D9A4200D106E1C44AFF082B
:1057F0000A40530752023B43120B8EE0002B00D0AD
:10580000B8E06B1C5B055B0D012B00DC30E1871AF7
:105810004346B842B641CB1A76429E1B330200D5AE
:105820004CE13B003343A1D100220024002570E06D
:10583000002B00DCE5E0002E00D183E0AF4EB54246
:1058400060D0802636043743B846382B00DC3EE172
:10585000434613431F007A1E97413F1887428041F9
:10586000404209180B0200D4B0E0A44B01359D4220
:1058700000D1C3E0A24A7B080A4001210F401F4328
:105880005108D30707221F433A4099E79B4EB54280
:1058900038D0802636043743B846382B00DDDCE0AC
:1058A0001F2B00DC30E11E004746203EF740BC467F
:1058B000202B04D04026F31A46469E403243170060
:1058C00063467A1E97411F43CCE0002B00D104E2CF
:1058D0004346134300D159E14B07C00818438023C6
:1058E000C9081B03194208D04546ED081D4204D1E2
:1058F0004346D008590708432900420FC9007F4D8D
:105900001143C0004B07CA087C49C00803438D42BD
:1059100068D012036D05120B6D0D002112031800E3
:10592000130B0A0D12051A43764B2D0513402B431A
:105930005B00E4075B08234319001CBC90469946B2
:10594000A246F0BD3E00164312D05E1E002E00D0CF
:1059500000E18718874280414144404209180125EF
:105960000B0233D5022585E764463300414610001B
:105970001D00C7E7002D00D0DAE00C000443F3D08F
:105980005C1C00D19FE15D4CA64200D12FE1DB43BE
:10599000382B00DD66E11F2B00DD83E120240500AC
:1059A000E41A0F00DD40D940A0404346A7405B1AEF
:1059B000441EA04198462F433843171ABA429241D9
:1059C00043465242991A64463500CAE607223A40D5
:1059D000002A00D0F6E64B07CA084849FF083B43B7
:1059E0008D4296D11900114300D19EE18021090317
:1059F0000A431203120B414D8FE7150000220023CA
:105A00008BE7002B00D0C7E06B1C5F057F0D012FDB
:105A100000DCF1E0394DAB4200D1B9E085180A0055
:105A2000854289414244494251180722CF076D08F7
:105A30002F4349083A401D00C2E607223049ED1ABB
:105A400031403A40BCE63E002838864000279FE6B9
:105A5000380001F08FFC20308EE6434613431F00D0
:105A60007A1E9741C71BB84280414042091A78E626
:105A70000E003B0006431343002D61D1002E00D0E1
:105A8000F4E0002B00D11BE164463900100039E737
:105A90001A4FBB427AD03300FFE630001F3DE8408A
:105AA000202B03D04021CB1A9E4037437B1E9F41C1
:105AB000072207433A400021002589E7171A434689
:105AC000BA42B641591A76428E1B64464EE61F2BE7
:105AD00000DDADE020264746F61AB740B94617006C
:105AE000B246DF404E463E4337005646B240561E51
:105AF000B24117434246DA408918AEE6FF0700007C
:105B0000FFFF7FFFFFFF0F8020264746F61AB740B2
:105B1000B9461700B246DF404E463E433700564670
:105B2000B240561EB24117434246DA40891A99E7FD
:105B30007F4CA6425BD0802424045B42214327E7AC
:105B4000002E0CD1002B00D1CBE0644639001000B0
:105B5000774DD7E6764FBB4218D0330075E6002B61
:105B600014D04B07C00818438023C9081B031942EF
:105B700007D0FC081C4204D17907D0080843E1464D
:105B800021004C46420FC9001143C000684DB9E6E0
:105B90001D0000220023C0E6002D5BD10D0005434F
:105BA00000D1E2E65D1C00D1B0E0614DAE421FD0F5
:105BB000DB43382B71DC1F2B00DD96E020250F0026
:105BC000ED1AAF40B9460700AA46DF404D463D43B7
:105BD0002F005546A840D940451EA8418844074398
:105BE000BF18974292415142414435003AE664461B
:105BF00035004146100085E60B000343002D00D020
:105C000063E6002BF5D04346134300D17AE68718AC
:105C10008742804107224144404209183A400B0222
:105C200000D4D5E6434B01351940C9E5380069E693
:105C30001E004746203EF740BC46202B04D040269D
:105C4000F31A46469E403243170063467A1E974138
:105C50001F4302E6364DAE42CAD080252D045B427A
:105C60002943A6E70843411E8841A6E6002B00D140
:105C700048E6871A4346B842B641CB1A76429E1B85
:105C800033024BD5171A4346BA429241591A52422F
:105C9000891A072264463A4092E501430F00791EB3
:105CA0008F419DE71C000F00203CE740202B03D0D4
:105CB0004024E31A99400843411E884138437CE65A
:105CC0000022002425E6171A4346BA429241591A87
:105CD0005242891A6446350043E541461000144D8E
:105CE00010E680220024120380E61D000F00203DF4
:105CF000EF40BC46202B03D04025EB1A99400843C7
:105D000007006346781E87411F4369E7871897425B
:105D10009B4141445B42C9183500A3E53B00334336
:105D2000CED0072231003A4052E600231A00F4E5B3
:105D3000FF070000FFFF7FFFF0B55746DE464E46E7
:105D40004546E0B5834607000E03480085B09246FD
:105D50001C00360B400DCD0F002800D19DE0954B67
:105D6000984239D08023F6001B041E43924A7B0FD1
:105D7000334399469446030063440093002300266E
:105D8000FF00029323031B0B98466300E40F524667
:105D90005B0D019400D1B3E086498B4200D19EE0B7
:105DA0004246D100802212040A435146490F114352
:105DB0008B46814952468C4600996344CB1A002198
:105DC000D20000932B0063409A460F2E00D905E1C4
:105DD0007A4BB6009B599F465B463343994600D0A9
:105DE000B8E002230826002700900293CAE7CB46BA
:105DF0003A0002990195019B9A46022927D003296E
:105E000000D180E2012944D06D49009B8C46634457
:105E10001C00002C38DD530700D013E2D2085B468B
:105E2000DB0109D55946674B19408B468021C900D3
:105E30008C46009B63441C00634B9C4207DC5B4622
:105E400064055F075B0217431B0B620D02E0002332
:105E50000027584A00211B031C0B0B0D1B05234375
:105E600014055A4A380013401C4353466400DB07AC
:105E700064081C43210005B03CBC90469946A246EC
:105E8000AB46F0BD0122524201231B1B382B00DC24
:105E9000ADE1002200230027DCE75B46334399464F
:105EA0005ED0002E00D18AE1300001F063FA0300D9
:105EB0000B3B1C2B00DD7BE11D22D31A5A4601004F
:105EC000DA4008398E4013005F46334399468F40CD
:105ED0003F4B00261B1A00930023029352E74146D2
:105EE00053460B433B499B468C46009B63440093BF
:105EF0005B46002B3BD1022300221E43022161E7B7
:105F0000434613439B4637D04346002B00D162E102
:105F1000404601F02FFA03000B3B1C2B00DD53E140
:105F200002004146083A914088461D21CB1A51464D
:105F3000D9400B0041460B439B46534693401A0001
:105F4000009B25499C46604403008C4663440093B3
:105F5000002137E70323B14600900C26029311E796
:105F60000023009301330426002702930AE703234A
:105F7000C3461E43032125E701331E4300220121AE
:105F800020E700239A46802300271B03094A61E784
:105F9000802349461B03194200D1E2E059461942C9
:105FA00000D0DEE00B431B0317001B0BA246014A87
:105FB00050E7C046FF07000001FCFFFFD4B400001B
:105FC000FF030000FFFFFFFEFE070000FFFF0F8042
:105FD0000DFCFFFF01F8FFFFF3030000D94500D9D6
:105FE000CBE000D1C6E03C0048460027009B013BC7
:105FF00000935B46160E1B021E43130298463304A1
:106000001B0C9946310C0191FFF72EFA4A46424388
:106010000B04210C050019438A4207D98919013D57
:106020008E4203D88A4201D9851E8919881A01999E
:10603000FFF71AFA09048C464A4621046446424393
:10604000090C030021438A4204D98919013B8E427D
:1060500000D8F1E02D041D43AB464346891A424661
:10606000280C12041D0C5B46140C22001B041B0C94
:106070005A4303946B434443029568431B19150C20
:10608000EB189C4203D980246402A44660441C0C93
:1060900015041B042D0C20185D19814277D373D091
:1060A0000C1AA24A7D1BAF42BF419446009B7F421F
:1060B0006344E01B1C00864200D1DBE00199FFF73E
:1060C000D3F94A4642430B04290C070019438A427C
:1060D00007D98919013F8E4203D88A4201D9871E08
:1060E0008919881A0199FFF7BFF909044A468946B8
:1060F00029044D464243090C030029438A4207D92B
:106100008919013B8E4203D88A4201D9831E89191D
:106110003F04891A3A00039F1A43380013041B0CEA
:10612000584381460298150C6F4343434543484604
:10613000000C8446DB1963449F4203D9802040024F
:106140008446654448461F0C00041B04000C7D195E
:106150001818A94200D284E000D17FE001231A433D
:1061600057E680234A461B0313431B031B0BAA4617
:106170006F4A6FE6BA4200D935E74B46DC0758084C
:106180007B081C43FF0734E70024AF4289D2474411
:106190004745A4415B466442A4196418013BA642EA
:1061A0001ED2A0426DD800D1B6E0241A9B4678E7F3
:1061B00003005A46283B9A400027914688E65846F5
:1061C00001F0D8F8203072E603005246283B9A408E
:1061D00093460022B4E6504601F0CCF820309AE60F
:1061E000A642E2D1B845DCD9341A9B4659E71F2BA9
:1061F00065DC504C0099A4465C46614408008C4024
:1062000011008240D940501E82410C4314435A462B
:10621000DA401300620709D00F222240042A05D079
:106220002200141D9442894149425B181A0262D52A
:106230000122002300270DE68A4200D80AE7831EC8
:10624000891907E70F231340042B00D1E6E5171D3A
:106250009742924153429B44FA08E0E5002800D15E
:10626000D7E57118531EB14227D3A94215D358D090
:106270001A0073E7002B00DC04E6012300229B4494
:10628000CDE502234744474589415B429C4649424C
:1062900089190C19E344241A03E743465F00474574
:1062A0009B41B8465B429E19023A8919A94200D027
:1062B00054E7404500D051E7ABE51A00F6E71F214F
:1062C0005F4649420C1BE740202B07D01A49009B30
:1062D0008C46634418005B4683401A43501E82413B
:1062E0003A4307270023174009D00F21002311400C
:1062F0001400042995D122005F075B021B0BD20812
:1063000017430022A6E5802359461B030B431B03BA
:1063100017001B0B064A9DE5BD42B2D89B460024E0
:10632000BFE68045B9D31A00C3E7C046FF030000AB
:10633000FF0700001E0400003E040000F0B54F46B9
:106340004646D6468446C0B58046194E18030F030C
:106350004D00000B5C0082463F0B6D0DC90F91464E
:10636000640DDB0F0120B5420AD0B44203D0A54230
:1063700001D157450CD01CBC90469946A246F0BDB1
:1063800066463E43F7D1AC42F5D154461443F2D1B0
:106390000120C845EFD1994207D0002DEBD16346CB
:1063A0001F433800471EB841E5E70020E3E7C04639
:1063B000FF070000F0B54F464646D6464D00C0B533
:1063C0000E03C90F8A462C491F035C008046360B1A
:1063D0006D0D91463F0B640DDB0F8D421ED08C423C
:1063E00016D0002D1ED130438446002C01D13A43F3
:1063F00023D06246002A1AD09A4529D0514602205D
:106400000139084001381CBC90469946A246F0BDAF
:1064100039001143E5D002204042F4E73043FAD17D
:10642000AC420FD0002C0FD13A43E7D00CE0012250
:10643000013B934318000130E5E763460020002B41
:10644000E1D0DBE73A43E6D19A45D7D1A542D5DC86
:10645000A54205DBBE42D1D808D00020BE42D2D230
:1064600050460123013898430130CCE7C845C5D8D0
:106470000020C845F4D3C6E7FF070000F0B54F463B
:106480004646D6464D00C0B50E03C90F8A462E4972
:106490001F035C008046360B6D0D91463F0B640D6B
:1064A000DB0F8D4218D08C4211D0002D18D1304313
:1064B0008446002C1ED13A431CD163460020002B99
:1064C00030D0514602200139084001382AE0390015
:1064D0001143EAD0022025E03043FBD1AC4226D064
:1064E000002C26D13A4324D15146022001390840DC
:1064F000013817E06246002A0FD09A45E1D1A54243
:1065000005DBBE42DDD819D00020BE420AD250467B
:10651000012301389843013004E00122013B9343F9
:10652000180001301CBC90469946A246F0BD3A4383
:10653000D0D19A45C5D1A542C3DCE0E7C845C0D853
:106540000020C845E3D3EDE7FF070000F0B557464C
:10655000DE464E464546E0B5834606000F0348003A
:1065600087B092461D003F0B400DCC0F002800D194
:106570006FE0DE4B984238D08023FF001B041F439E
:10658000730F3B430193DA4B0027994600239B4648
:10659000F60081442B0369001B0B52469846490DB7
:1065A000ED0F002900D185E0D04B994200D173E076
:1065B0004346DA0080231B0413435246CC48520F53
:1065C00084461343524600206144D200894421008E
:1065D000694000918C46012149448A460F2F00D919
:1065E00090E0C449BF00CF59BF465B463B4301938F
:1065F00000D06AE102230827002681469B46C9E7AE
:1066000032005846019B61460091022800D175E096
:10661000032800D1FEE1012800D02CE1002300274F
:10662000002600253F032A0D3F0BB34812053A43CD
:1066300002401B051343009A5B00D1075B080B4324
:106640003000190007B03CBC90469946A246AB46C4
:10665000F0BD5B463B43019300D12FE1002F00D1F9
:10666000A5E1380000F086FE03000B3B1C2B00DD8B
:1066700096E11D22D31A5A460100DA405E460839D7
:106680008F4013008E403B4301939C4B00271B1A05
:10669000994600239B467DE7414653460B43934969
:1066A0008C46E144002B00D01AE10222022017435D
:1066B00000228CE7134300D10DE14346002B00D1AB
:1066C00081E1404600F056FE02000B3A1C2A00DD34
:1066D00072E10100434608398B4098461D239A1AFF
:1066E0005346D3401A004346134352468A40494614
:1066F000081A824989468144002068E77B4B0027BD
:1067000000268EE7140C1204120C1100370C36040C
:10671000350C794328008C462E0060436044834644
:1067200056432100300C804658467943404402913C
:10673000844506D98846802149028C46E04441467A
:1067400002913604010C360C00048B4681191E0C94
:106750001B041B0C0391190079438C4628007543D8
:106760006544A8465843050C45447743A94203D9DC
:10677000802149028C466744290C8C46390000046C
:10678000000C2D042D186144AB4405915946049129
:1067900001990F043F0C080C3900514342439046C5
:1067A00002008C46090C8B4662437C4344445C44A3
:1067B000A04503D98021490288464244210C8846DD
:1067C00061460904090C8C46390059434343704320
:1067D0007E430F0CF6182404BE19644442448C46D0
:1067E000B34203D980235B0298464044029B614632
:1067F0009846049B370443449B46AB45AD416B42EE
:106800000D0405992D0C8C467F196744FD18A84688
:106810005D462D19A542A44193466442A446C34453
:10682000DC448F42BF4198459B4193459241A4452A
:10683000A4415B427F421F43360C52426442BF195F
:106840002243BF18624638184302D20D03991343FE
:106850006A020A43501E82416146ED0D2A434E02F0
:106860003243D90100D4B3E001265008324002433C
:10687000DE0732435B08224C5444002C62DD510792
:1068800009D00F201040042805D0101D90429241DD
:1068900052429B180200D90104D580241948E40013
:1068A000034054441848844200DD27E75E075B023A
:1068B000D2081F0B630516435B0DB2E60023994611
:1068C0000133042700269B4664E603230197814693
:1068D0000C279B465EE6012201201743002276E644
:1068E000032303201F43434671E6C046FF07000011
:1068F00001FCFFFF14B50000FFFF0F800DFCFFFF40
:10690000FF030000FFFFFFFEFE07000000238027BB
:1069100000933F030026434B83E6019B3200A446CD
:10692000584670E6AC466EE6802701993F0339422F
:106930002DD03B422BD11F433F033F0B0095160048
:10694000384B6EE601252D1B382D00DD66E61F2D28
:1069500040DC35481C005044160082408440EE4024
:10696000501E824134431443EB40620709D00F228A
:106970002240042A05D02200141D94428041404246
:106980001B181A023ED501230027002649E680275E
:10699000019B3F031F433F033F0B0094214B40E605
:1069A00003005A46283B9A40002601926DE658465D
:1069B00000F0E0FC203057E603005246283B9A40A6
:1069C0001300002293E6504600F0D4FC20307BE612
:1069D000CA4650E71F201E004042041BE640202DFF
:1069E00003D0124C5444A3401A43501E82413243F8
:1069F00007260027164009D00F200023104014005E
:106A00000428B9D122005E075B021F0BD20816438F
:106A1000002306E680273F031F433F033F0B16007A
:106A2000004BFEE5FF0700001E0400003E040000CE
:106A3000F8B557464E464546DE460C000903E0B51C
:106A4000490A460F5F0031431E03DB0F760A9B465F
:106A5000530F3343C84E6500C000E40FD2006D0DE4
:106A6000A24681467F0D9C469046B74200D1B9E0D0
:106A70005B46012673409B46EE1BA34500D183E095
:106A8000002E63DD002F00D0B1E06346134300D138
:106A900023E1731E002B00D0BAE1861A6346B04290
:106AA00080410125C91A4042091A0B0200D447E16E
:106AB00049024B0A98464346002B00D189E14046E3
:106AC00000F058FC0300083B1F2B00DD7CE1202276
:106AD0003000D21A4146D040994002009E400A43FD
:106AE0009D4200DD6AE15D1B6B1C1F2B00DD94E104
:106AF000202110003500C91A8E40DA408840DD4060
:106B0000711E8E41110007222843002506433240A2
:106B1000002A09D00F233340042B05D0331DB34284
:106B2000B641764289191E000B0200D43DE26A1C70
:106B3000914B55056D0D9A4200D119E18F4AF60827
:106B40000A40570752023743120B9BE0002E00D039
:106B5000C5E06E1C7605760D012E00DC48E1674627
:106B6000861ACB1BB042BF417F42B8461F00434646
:106B7000FF1A3B00B8461B0200D55FE137439AD1AC
:106B800000220024002579E0002E00DCFAE0002F2E
:106B900000D18DE0784B9D4267D0802367461B046F
:106BA0001F43BC46382E00DC52E1634613435A1E95
:106BB00093411E1886428041404209180B0200D4BE
:106BC000BEE06D4B01359D4200D1D2E06B4A7308A7
:106BD0000A4001210E401E435108D30707221E43DD
:106BE000324095E71E00164300D045E740E7624B70
:106BF0009D423AD0802367461B041F43BC46382E73
:106C000000DDEBE01F2E00DC3AE133006746203B5D
:106C1000DF403B00202E05D04027BF1B6646BE400C
:106C2000324390464646721E96413343DAE0002BCB
:106C300000D114E26346134300D168E180234E077C
:106C4000C008C9081B030643194208D06046C008A3
:106C5000184204D163460100D2085E071643F300D0
:106C60009946C900720F444D11434B46DE08424B12
:106C70004F073743CA089D4200D16EE012036D05ED
:106C8000120B6D0D00211203130B0A0D12051A438E
:106C90003B4B2D0513402B435B00E4075B0823436C
:106CA000380019003CBC90469946A246AB46F8BD58
:106CB0006346134311D0731E002B00D007E18618E2
:106CC0008642804161444042091801250B0237D5B4
:106CD00002257BE73E00614691463500C5E75C46EC
:106CE000002D00D0E1E00B000343F3D0731C00D172
:106CF000ACE1214B9F4200D13AE1F343382B00DD58
:106D00006FE11F2B00DD8CE120250E00ED1AAE4057
:106D1000B0460600AA46DE40454635432E0055469D
:106D2000D940A8406346451EA8415B1A9C463043A3
:106D3000161AB242924163465242991A3D00B4E695
:106D400007223240002A00D0E4E60B4BF6084F073A
:106D50003743CA089D4200D090E73B00134300D15F
:106D6000A6E180231B031A431203120B024D89E78D
:106D700015000022002785E7FF070000FFFF7FFFC7
:106D8000FFFF0F80002E00D0C7E06B1C5E05760D64
:106D9000012E00DCF0E0C84DAB4200D1B9E085180F
:106DA0000A00854289416244494251180722CE07B0
:106DB0006D082E43490832401D00A9E6BF49ED1A6F
:106DC000114007223240A3E63200283882400026D4
:106DD00086E6300000F0CEFA203073E663461343B7
:106DE0005A1E9341C61AB04280414042091A5CE6DD
:106DF0000E00674606431743002D5ED1002E00D0DB
:106E0000F3E0002F00D11EE15C46614691462CE77D
:106E1000A94FBE427BD01E00F1E610001F3DE840A6
:106E2000202B03D04021CB1A9A401643731E9E415B
:106E30000722064332400021002583E7161A6346E5
:106E4000B2428041591A40420B1A98465C4632E6DB
:106E50001F2E00DDABE02027BB1B9A46634657463A
:106E6000BB40994613004F46F3401F433B00574633
:106E7000BA40571EBA4113436246F240891898E659
:106E80002027BB1B9A4663465746BB4099461300D2
:106E90004F46F3401F433B005746BA40571EBA4186
:106EA00013436246F240891A9CE7834B9F425FD0AE
:106EB00080252D047342294320E7002E0CD1002F9A
:106EC00000D1D0E05C46614691467B4DCDE67A4FDD
:106ED000BE421CD01E0065E6002F18D0C0084E0729
:106EE00006438020C9080003014208D06346DC083D
:106EF000044204D12100DA46D2085E071643F300AB
:106F0000994601245346C900720F11431C406A4D33
:106F1000ABE61D0000220027B4E6002D59D10B007E
:106F2000034300D1D6E6731C00D1B2E0624B9F420E
:106F30001ED0F343382B6FDC1F2B00DD97E020259C
:106F40000E00ED1AAE40B0460600AA46DE404546A9
:106F500035432E005546A840D940451EA8418C44D3
:106F60000643B61896429241514261443D0025E6DF
:106F70003D006146914678E60B000343002D00D0AA
:106F800055E6002BF5D06346134300D16DE6861815
:106F90008642804161444042091800220B0200D41D
:106FA000D0E6464B01351940B2E5B1465DE6330007
:106FB0006746203BDF403B00202E05D04027BF1B0B
:106FC0006646BE40324390464646721E9641334363
:106FD000EFE5394B9F42CBD080252D0473422943E6
:106FE000A8E70843411E8841A2E6002F00D13CE6F5
:106FF0006346861ACF1AB0429B415B42FB1A984601
:107000001B024ED5161A6346B2429241591A524299
:10701000891A5C4600227BE501430E00711E8E41F9
:107020009FE71D000E00203DEE40B046202B04D00F
:107030004025EB1A99400843814648464346411E85
:107040008841184374E60022002417E6161A6346A6
:10705000B2429241591A5242891A3D0025E56146D1
:107060009146154D01E680220024120379E61D00A9
:107070000E00203DEE40B046202B04D04025EB1AF8
:107080009940084381464E464346711E8E411E4339
:1070900067E7861896429B4161445B42C9183D00F0
:1070A0008CE547463743CED007224146324049E679
:1070B00000273A00E6E5C046FF070000FFFF7FFF1C
:1070C00070B50C4E0D031C0349005B002D0B490DE0
:1070D000240B5B0DB14208D0064900208B4203D13E
:1070E00014432000441EA04170BD05430120002D23
:1070F000FAD1F1E7FF07000030B5144D0A034B0049
:10710000120B5B0DC90F0024AB4211DD104CA342E2
:1071100010DC8024640322430E4CE41A1F2C0CDD87
:107120000D48C31ADA4013005C42002900D11C004C
:10713000200030BD094BCC18FAE7094DE040AC46C1
:1071400063449A4013000343EEE7C046FE03000089
:107150001D0400003304000013040000FFFFFF7F44
:10716000EDFBFFFF10B5041E25D000F003F9144B12
:107170001B1A5B055B0D0A2812DD0B3884400022C8
:107180002403240B0021100024030A0D240B1205F4
:1071900022430C4C1B05224013435B00590810BDD1
:1071A00002002100153291400A000B21081AC44048
:1071B0002403240BE6E7002300240022E2E7C04674
:1071C0001E040000FFFF0F804100090E4B1C70B52C
:1071D000DBB24602750AC40F012B14DDE0239B00CD
:1071E0006D07360BCB1800210A0D280012051C4D27
:1071F00032435B052A405B0813435B00E4075B08EE
:107200002343190070BD002914D1002D1ED0280081
:1072100000F0B0F80A281CDC0B232A001B1ADA4005
:10722000030015339D400F4B12031B1A5B05160B11
:107230005B0DD8E7002D06D0320B802636036D0794
:107240001643094BCFE7084B0026CCE70023002666
:10725000C9E703002A000B3B9A400025E3E7C0463C
:10726000FFFF0F8089030000FF070000F0B54C000E
:10727000640D0B03621C5B0A460F5205C90F1E43C7
:10728000C500520D012A29DD374BE718FE2F1CDC03
:10729000002F3BDD8001431E98410722F3006D0F54
:1072A00003432B431A40002A04D00F221A40042A19
:1072B00000D004338022D2041A4024D00137FAB21D
:1072C000FF2F02D09B01580A01E0FF22002040025C
:1072D000D205400AC90710430843F0BD3543002CCE
:1072E00004D1002D0AD100220020F0E7002DECD0BF
:1072F0008020C0033043FF22E9E7002400235B0223
:10730000580AE2B2E3E7DB083C00F8E73B0017333A
:10731000F3DB80231B0433431E26F61B1F2E14DDD4
:1073200002225242D71B1A00FA401700202E04D026
:107330000E4A94466444A3401D432B005D1EAB419E
:1073400007223B431A400027ADE7094A2800A2184C
:10735000954093406C1EA541F04007222B43034308
:107360001A4000279FE7C04680FCFFFFA2FCFFFFFA
:1073700082FCFFFF1C2101231B04984201D3000C57
:1073800010391B0A984201D3000A08391B09984298
:1073900001D30009043902A2105C40187047C046AE
:1073A00004030202010101010000000000000000CE
:1073B00010B5002101F026FC10BD10B50A220021F5
:1073C00001F0B4FC10BD000070B500260C4D0D4C52
:1073D000641BA410A64209D1002603F055FC0A4DF7
:1073E0000A4C641BA410A64205D170BDB300EB5833
:1073F00098470136EEE7B300EB5898470136F2E7BD
:10740000FC010020FC010020FC0100200C020020F7
:10741000EC3000687047000010B5034B010018689D
:1074200000F08EF810BDC0462C00002010B5034BB4
:107430000100186800F03AF810BDC0462C0000208A
:1074400082B0002900D101A9101E06D0002B06D061
:1074500013780B601078431E984102B070470220E9
:107460004042FAE7002310B59A4200D110BDCC5C2F
:10747000C4540133F8E710B5884202D98B189842FA
:1074800003D3002307E08B5C8354013AFBD210BD89
:10749000CC5CC45401339A42FAD1F8E703001218C5
:1074A000934200D1704719700133F9E770B50500B8
:1074B000002910D00C1F2368002B00DAE4182800E4
:1074C00002F005FE1D4A1368002B05D163601460AD
:1074D000280002F0FDFD70BDA34209D921686018A3
:1074E0008342F3D118685B6841182160EEE713000E
:1074F0005A68002A01D0A242F9D919685818A04246
:107500000BD120680918581819608242E0D1106820
:107510005268411819605A60DAE7A04202D90C2378
:107520002B60D5E721686018824203D11068526849
:107530004118216062605C60CAE7C046740D00209B
:10754000032370B5CD1C9D43083506000C2D1ED2BB
:107550000C25A9421DD8300002F0B9FD254A146857
:107560002100002919D1244C2368002B03D13000BD
:1075700000F0ACFC20602900300000F0A7FC431CA8
:107580002BD10C233000336002F0A2FD03E0002D6C
:10759000DFDA0C233360002070BD0B685B1B19D44D
:1075A0000B2B03D90B60CC18256003E04B688C4291
:1075B0000DD11360300002F08BFD200007220B304C
:1075C000231D9043C31AE7D05A42E250E4E76360B8
:1075D0000C00EFE70C004968C3E70323C41C9C437D
:1075E000A042E1D0211A300000F070FC431CDBD136
:1075F000C7E7C046740D0020780D0020F0B58BB0B1
:1076000014001D1E129953DA802424061B191D0034
:1076100014002D230B702023149E03229E43462E1C
:1076200007D03300453B59424B411099013ACB18E2
:10763000109309AB049308AB0393139B009202933E
:10764000109B220001932B0001F016FC0700472E2F
:1076500002D1119BDB0724D5109BFB180793462E04
:1076600014D13B78302B0CD10022002320002900BC
:10767000FDF7FAFF002804D10123109A9B1A139AF0
:107680001360139B079A1B68D318079300220023EB
:1076900020002900FDF7E8FF302200280DD0079BCD
:1076A00009933800099B159ADB1B13600BB0F0BDE2
:1076B0000023AFE7591C09911A70099B07998B4267
:1076C000F8D3EEE7F0B5831C85B0019306000C00FB
:1076D00002702B23002901DA2D234C427370092CF0
:1076E00022DD02ABDD1D20000A21FDF7A7FF6F1E82
:1076F0003031397020000A21FDF7BAFE0400092854
:107700000BDC023D3034019B2C7002AA07321800BA
:10771000AA4204D8801B05B0F0BD3D00E3E72A78FB
:1077200001351A700133F0E73023E418B370301DCF
:10773000F470EFE7F0B595B00C000A920B931A9D28
:10774000099002F0ADFC036818000C9300F002FCF5
:107750000023129323680E900D930D99277E2B68BA
:107760000722C90545D59B1893431A0008322A60A1
:107770001A685B68A264E3640122E56CA66C6B0086
:107780005B080F935242AC4B30000F99FFF798FC07
:10779000002830D10122A84B524230000F99FDF74A
:1077A00073FF002827D10022002330002900FDF7B5
:1077B00061FF002803D023002D2243331A709F4D10
:1077C000472F00D89E4D032300260D9A23610133D5
:1077D0009A4322600B9B13AA009321000A9B0998ED
:1077E00000F0F4F9431C00D093E00120404215B0B2
:1077F000F0BD0733B8E732002B0030002900FFF757
:107800005FFC002804D08F4D472FDCD88E4DDAE77F
:1078100080230D996268DB000B43511C43D1073272
:10782000626012AA0021059211AA0392232223600A
:107830000691019308A963685218029200933200DE
:107840002B0004970998FFF7D9FE20233A00050082
:107850009A43472A07D1119BDA1C02DB62689342E4
:1078600045DD023FFFB21199652F25D8200001396F
:107870003A0050301191FFF725FF129A06001318B5
:107880002361012A02DC2268D20701D5013323617A
:10789000232308AA9B181B78002B9BD023002D22A2
:1078A00043331A7096E7672F00D176E1472FB8D19E
:1078B000002AB6D10122B3E7662F19D163680029E7
:1078C0000CDD2161002B02D12268D20702D50133E1
:1078D0005B182361119B0026A365D9E7002B03D118
:1078E00001222168114200D09A1C2261F2E7672729
:1078F000119B129A934205DB22682361D207E9D5D6
:107900000133E6E70121002B01DC4918C91A52189E
:10791000EBE72268530508D423692A000A990998DD
:107920000B9DA847431C29D15FE7652F00D8E0E0F5
:10793000A06CE16C00220023FDF796FE002834D0F5
:107940000123424A0A9909980B9DA847431C00D17C
:107950004BE7119B129A934202DB2368DB070DD59C
:107960000B9D0E9B0C9A0A990998A8470025431C69
:1079700000D13AE7129B013BAB420ADC23689B072C
:1079800000D508E1139BE068984200DB2FE7180060
:107990002DE7220001231A320A9909980B9EB0475D
:1079A000431C00D121E70135E4E7119B002B2DDCBE
:1079B0000123264A0A9909980B9EB047431C00D11F
:1079C00013E7119B002B05D1129B002B02D12368DA
:1079D000DB07D3D50B9E0E9B0C9A0A990998B047EA
:1079E0000026431C00D100E7119B5B42B34201DC3F
:1079F000129B92E7220001231A320A9909980B9FE1
:107A0000B847431C00D1F0E60136EDE7A36D129FA5
:107A10009F4200DD1F00002F08DD3B002A000A996D
:107A200009980B9EB047431C00D1DEE600230D935E
:107A3000FB43DB170F9318E0FFFFEF7F8CB40000D0
:107A40005AB5000088B400005EB5000062B50000C1
:107A5000220001231A320A9909980B9EB047431C51
:107A600000D1C2E60D9B01330D930F9BA66D0D9ABD
:107A70003B40F31A9342EBDC119B129AAD199342EF
:107A800010DB2368DB070DD4129F119BBE1BFF1A6E
:107A9000B74200DD3700002F0DDCFE43F317002551
:107AA0000C931CE00E9B0C9A0A9909980B9FB847FF
:107AB000431CE9D199E63B002A000A9909980B9DDD
:107AC000A847431CE9D190E6220001231A320A9903
:107AD00009980B9EB047431C00D186E60135119AE8
:107AE000129B0C999B1A3A000A409B1AAB42EBDCA2
:107AF00044E7129B012B02DC01231A4232D00123FE
:107B00002A000A9909980B9FB847431C00D16CE6DC
:107B10000E9B0C9A0A9909980B9F0135B847431C94
:107B200000D162E6A06CE16C129B00225F1E002374
:107B3000FDF79AFD3B00002814D000250AE0220042
:107B400001231A320A9909980B9FB847431C00D1A8
:107B50004BE60135129B013BAB42F0DC22003300C7
:107B60005032DBE62A000A9909980B9DA847431C6E
:107B7000F4D13AE62200012319320A9909980B9EA2
:107B8000B047431C00D130E60135E368139A9B1AD5
:107B9000AB42EFDCF6E60025F7E7002A00D189E6E4
:107BA0000021069112A9059111A90391232108A88A
:107BB00009182360019300922B0004970291320070
:107BC0000998FFF71BFD050045E6C046F7B515000F
:107BD00001938A680B6900900C00934200DA13004D
:107BE00022002B6043321278002A01D001332B602F
:107BF00023689B0602D52B6802332B600627236877
:107C00001F4027D0230043331B785A1E934122681C
:107C1000920630D42200019943320098089EB04762
:107C2000431C25D0062320682A68E168034000250C
:107C3000042B03D18D1AEB43DB171D40A368226987
:107C4000934201DD9B1AED180027BD4220D1002090
:107C500010E00137E3682A689B1ABB42D2DD22009C
:107C60000123193201990098089EB047431CF0D1B6
:107C700001204042FEBD3020E11843310870210050
:107C80005A1C45310978A218433202331170C1E7FA
:107C9000220001231A3201990098089EB047431C24
:107CA000E6D00137D1E70000F0B589B004920A00B0
:107CB00043320593039002920A7E0C000E9B6E2ABB
:107CC00000D186E01FD8632A33D008D8002A00D11B
:107CD0008CE0582A4DD0250042352A7030E0642AC5
:107CE00001D0692AF7D1196825680A1D280629D507
:107CF00008681A60002803DA2D23029A40421370A4
:107D00006B4E0A274FE0732A74D008D86F2A1FD011
:107D1000702AE0D1202209680A43226003E0752A14
:107D200016D0782AD7D12200782145321170614EC1
:107D300022E025001A684235111D196013682B7066
:107D4000012365E008681A606906D3D500B2D1E75F
:107D500019682568081D186008682E0605D5544E58
:107D600008276F2A1BD00A2719E06D06F7D580B2C5
:107D7000F5E745314E4E0A7018682268011D00680B
:107D80001960150621D5D30702D520231A43226096
:107D90001027002803D1202322689A432260230061
:107DA000002243331A706368A360002B58DB04225F
:107DB000216891432160002854D1029D002B5AD0A4
:107DC0002500337842352B7055E05506DBD580B25F
:107DD000D9E71A680D68101D4969186013682E06E6
:107DE00001D5196002E06D06FBD519800023029DC4
:107DF00023614FE01A68111D19601568002162683F
:107E0000280002F059F9002801D0401B6060636827
:107E100023610023029A13703CE023692A0004992D
:107E20000398059DA847431C3ED023689B0715D4A3
:107E3000079BE068984239DA180037E022000123F6
:107E4000193204990398059EB047431C2CD0013584
:107E5000E368079A9B1AAB42F0DCE9E70025F7E7F5
:107E60000028ADD0029D3900FDF7FEFA735C013D9C
:107E70002B700028F7D1082F09D12368DB0706D51E
:107E800063682269934202DC3023013D2B70029B20
:107E90005B1B2361059B07AA00932100049B0398A9
:107EA000FFF794FE431CB8D10120404209B0F0BD59
:107EB00064B5000075B5000010B5034B0A00010061
:107EC000186802F00AFD10BD2C000020002370B5D8
:107ED000064C05000800236002F0C8FE431C03D1D5
:107EE0002368002B00D02B6070BDC046800D0020A1
:107EF0000EB400B50B499CB01DAB029006900791E3
:107F000004910948094904CB0591006802A901932D
:107F100002F06CFD0023029A13701CB008BC03B081
:107F20001847C046FFFFFF7F2C0000200802FFFF1C
:107F300002780B78002A03D0013001319A42F7D041
:107F4000D01A704703000A7801311A700133002AF1
:107F5000F9D170470023C25C0133002AFBD1581EBF
:107F60007047002330B59A420AD0013AC45CCD5C18
:107F7000AC4204D1934202D00133002CF6D1631BF2
:107F8000180030BD70B516000D0002F073FB002E16
:107F90000DD06B236A00520D9B1A002B07DD0024C5
:107FA000034A1B059D182B002200FEF7CFFA70BD77
:107FB0000000F03FF0B5A7B00793002304900798A6
:107FC000229306911D9202F068F805000068FFF701
:107FD000C1FF00260027069B05902193219B1A785C
:107FE0000D2A39D8092A3DD2002A44D00023139300
:107FF0000022219C0C922378302B00D07EE0637805
:10800000582B02D0782B00D06EE0079B964A029343
:10801000139B21A9019322AB0093049823AB01F099
:1080200054FD07250590054005D0062D2FD10023CE
:108030000134219413931D9B002B02D01D9B219A88
:108040001A60139B002B1DD0802332001B06FB18E7
:108050001000190027B0F0BD2B2A16D02D2A03D00E
:10806000202AC3D10133B8E7012213925A1C21926E
:108070005B78002BBCD1069B2193002313931D9B9F
:10808000002BDBD132003B00E2E70022EDE7229A31
:10809000002A07D0352124A802F0D9FB22990498A0
:1080A00002F04FF8681E042806D8FDF74DF90C03BE
:1080B00017190C00249E259F059B1B07BBD5802309
:1080C0001B061F43B7E7259B684A69491A40239B53
:1080D000249E5B181B051A431700EDE7654FEBE77D
:1080E0000126654F7642E7E7219B5A1C21925B7877
:1080F000302BF9D0002B9ED001230C93219B0A2218
:10810000129300230B9308930A9321980478230079
:10811000303BD9B2092934D9059A2968FFF721FFE4
:10812000002840D00020230084460A9A0790059238
:108130002022190091430A000021452A00D0BFE007
:10814000059B0C9A034313438B4294D0219B0693C7
:1081500001332193069B5B782B2B00D182E00C002E
:108160002D2B05D10124069B02332193069B9B787E
:108170001A00303A092A00D884E0069A0021219298
:108180009EE00A99082909DC08995143CB18089305
:108190000A9B013001330A932190B6E70B995143B2
:1081A000CB180B93F4E7219A059B94460A9A6344F3
:1081B00021931B78002A36D0844605921A00303A63
:1081C000092A12D901220792B2E7219B01305A1CD9
:1081D00021925B78302BF8D01A00313A082A3CD82B
:1081E00084460020219A05901292303B421C002BBD
:1081F00013D00A219444059A8518AA4215D10599ED
:10820000059A0131091812180591082A1BDC0A2267
:1082100008994A439B1800220893219B1000591C7F
:1082200021915B78CAE70A98D4E7541C082A04DC39
:10823000089A4A4308922200DFE7102CFBDC0B9AD5
:108240004A430B92F7E7059900221029E5DC0A2141
:108250000B9841435B180B93DFE70022944605928D
:108260000132B0E70C007EE788B50000FFFFEFFFAA
:10827000330400000000F07FFFFFFF7F219B5A1CAA
:1082800021925B78302BF9D01A00313A0021082A6C
:1082900016D8303B219D0E93219B591C21915B7870
:1082A0001A00303A092A32D94A1BAD4D2900082A52
:1082B00003DC0E99A94200DD2900002C00D04942C0
:1082C000059A002A49D10C9A104300D0B3E6079AC8
:1082D000002A00D0CFE64E2B25D01FDC492B00D042
:1082E000C9E6A04921A801F02DFE002800D1C2E670
:1082F000219B9D49013B21A8219301F023FE0028E9
:1083000002D1219B01332193984F002693E60A2244
:108310000E994A43D218303A0E92BDE7692BE0D04D
:108320006E2B00D0A7E6924921A801F00BFE002891
:1083300000D1A0E6219B1B78282B0CD124AA8D49C3
:1083400021A801F013FE052805D1259B874A249E0C
:108350001A4317006FE6884FD7E76346CB1A079397
:108360000A9B002B01D1059B0A93059C102C00DD74
:1083700010240898FEF7F6FE059B06000F00092B57
:1083800015DC079B002B00D155E6079B002B00DC7A
:108390007DE0162B62DCDC00784B320019193B00C3
:1083A00008684968FEF7D2F806000F0043E622008D
:1083B000724B093AD2009B181A685B68FEF7C6F840
:1083C00006000B980F00FEF7CDFE0B0002003900EF
:1083D0003000FDF795F9059B06000F000F2BD0DD4F
:1083E000059B1C1B079BE418002C00DC94E00F236A
:1083F00023400AD06149DB00C91832000868496887
:108400003B00FEF7A3F806000F000F239C436ED03D
:108410002633FF339C4248DD002405940B940A94D4
:1084200022230026049A514F13600B9BB34200D1C4
:1084300001E62299049801F084FE0A99049801F05B
:1084400080FE0599049801F07CFE0B99049801F0D8
:1084500078FE2100049801F074FEECE52523059ACE
:108460009B1A079A9342BBDB0F23059A434C9D1A34
:10847000E90061183200086849683B00FEF766F8B9
:10848000079B5E1BF600A619326873688AE7079B94
:108490001633A5DB079B3000DA00384B39009B1AF6
:1084A0001A685B68FDF748FC7EE70023300039005E
:1084B0001D002411012C1DDC002B01D006000F0033
:1084C0002F4BED00FF182F4B32005D1928686968AB
:1084D0003B00FEF73BF8254B2B4A06000B4093422E
:1084E0009AD82A4A934213D90126294F764200236B
:1084F00006937BE00122144207D0224AEB009B182E
:108500001A685B68FEF722F8012301356410D1E791
:10851000D4239B04CF18EAE7002CE8D00F23644251
:1085200023400AD0154ADB00D31830001A685B6874
:108530003900FDF701FC06000F002411D7D01F2CD5
:1085400028DD002405940B940A942223049A002623
:1085500013600B9B0027002B00D06AE76BE5C04639
:108560001F4E00008DB40000DCB600000000F07F5C
:1085700089B400009CB500000000F8FF10B70000AF
:108580000000B0FCE8B600000000A07C0000907C79
:10859000FFFFEF7F10232340069301D06A23069349
:1085A0000023300039001D00002C00DD0EE1002BFF
:1085B00001D006000F00069B002B0FD06B23790023
:1085C000490D3A005B1A002B08DD1F2B00DC12E17D
:1085D0000026342B00DC07E1DC27BF040022002347
:1085E00030003900FDF740F80028AAD1089B0A9A0C
:1085F00000931299059B049801F0FAFD0B90002856
:1086000000D109E7079B079ADB17524213401593E5
:10861000079B0024DB43079ADB171A401C92059442
:108620000B9B0498596801F054FD0A90002800D172
:10863000F6E60B9B0B991B690C319A1C92000C30CF
:108640000893FEF70FFF24AB019323AB0093320096
:108650003B0004980E960F9702F07EF822900028B7
:1086600000D1DDE60121049801F049FE05900028C3
:1086700000D1D5E6239B002B00DAC1E0159A9D18A6
:108680001C9A94460699249A5B1A36219B188A1ADA
:10869000B249013B01208B4200DBBDE0C91A521AEE
:1086A0001F2900DDB1E08840002314901093AB181F
:1086B00008931300069A6344D318089A0C932B006E
:1086C000954200DD13000C9A934200DD1300002B4D
:1086D00006DD089AED1AD21A08920C9AD21A0C9258
:1086E000159B002B17D01A000599049801F0A0FEE5
:1086F0000590002800D193E60100229A049801F029
:1087000007FE1290002800D18AE62299049801F011
:1087100018FD129B2293089B002B00DD7FE0079B36
:10872000002B08DD1C9A0A99049801F081FE0A903A
:10873000002800D174E60C9B002B08DD1A000A9972
:10874000049801F0C7FE0A90002800D168E6002DC9
:1087500008DD2A000599049801F0BCFE0590002868
:1087600000D15DE60A9A2299049801F01FFF041EC9
:1087700000D155E60025C3680599C560129301F044
:10878000FBFEA84255DA129BAB421BD1AE4219D177
:108790003B03AB4216D1D622714BD2043B409342ED
:1087A00010D96369AB4202D12369012B0ADD210094
:1087B0000122049801F08EFE0599040001F0DCFE10
:1087C00000286BDC069B002B78D132E60122144294
:1087D00007D0644AEB00D3181A685B68FDF7B6FE51
:1087E000012301356410DFE60121203B4942994015
:1087F0000A401700F2E6012252429A401640EDE686
:108800001C9A159DD21A94463CE75749CB1A010091
:108810009940109114904AE700231093FAE7089AC0
:108820002299049801F056FE2290002800D076E7A5
:10883000F6E50C97002800D0A0E0129A3B031B0B32
:10884000002A27D0494A934257D10122069B52421F
:1088500031001000002B0BD0D425414BED043B40E0
:108860001000AB4204D86C301B0DC31A9A401000A4
:10887000814242D13E4B0C9A9A4202D14B1C00D10C
:10888000CEE5374B0C9A00261A4013008022520383
:108890009F1897E7002B30D1002E2ED106993B0070
:1088A0002F4A002920D01100D6203940C00481422F
:1088B0001ADCDC239B04994200DC46E62D4B300099
:1088C0001B9300231A931A9A1B9B3900FDF73EFE57
:1088D00006000F000B1E00D0ABE5002800D0A8E575
:1088E000049A22331360A4E501261340224A7642FB
:1088F0009B181E4A1A43170064E7109B002B15D0E3
:108900000C9B109A134200D15CE7129B069A300030
:108910003900002B0FD0FFF735FB02000B000E983B
:108920000F99FCF7EDFE06000F004BE7149B334256
:1089300000D147E7E9E7FFF725FB02000B000E989F
:108940000F99FEF775F80022002306000F00FCF7D0
:108950008BFE002800D0F8E534E7C04602FCFFFF9C
:108960000000F07FB0B50000E2FBFFFFFFFF0F004B
:10897000FFFFEF7F000050390000F0FF0599200055
:1089800001F03EFF80230022DB0508900991FCF7EF
:108990007BFE002800D17FE0129B002B4BD00022F1
:1089A0008A4B10921193894B0893894A0C9B134070
:1089B0001493149A874B9A4200D0BAE00E9A0F9BF8
:1089C0001A921B93844A0C9B944663441F00109A8E
:1089D000119B300039000C920D9301F04BFE020008
:1089E0000B000C980D99FDF7B1FD32003B00FCF730
:1089F00087FE774A794B06000A409A4264D90F9B5A
:108A0000774A934203D10E9B013300D108E501263A
:108A1000734F76422299049801F093FB0A990498C7
:108A200001F08FFB0599049801F08BFB210004985D
:108A300001F087FBF4E5002E1ED10C9B1B0321D116
:108A4000089809990022614BFCF714FE00281FD1F9
:108A5000089809990022634BFDF778FD05000891FD
:108A6000802212069446089B1E9563441F931E9A0B
:108A70001F9B1092119398E7012E03D10C9B002BA2
:108A800000D162E50022584B0025109211938AE72D
:108A9000544B129D0893E3E7524B08980999002222
:108AA000FDF754FD129B05000891002B07D1802390
:108AB0001B06CB1816901793169A179BD9E702003E
:108AC000089B16921793F7E7D4239B04CF18069BB5
:108AD000002B9FD13E4B149A0C973B409A4299D160
:108AE00008992800FEF708FB02F086F80B00020048
:108AF00008992800FDF79CFF129B08900991002B14
:108B000004D1002E02D10C9B1B0358D00898099960
:108B1000364A374BFCF7AEFD002800D089E40898B0
:108B20000999344A2F4BFCF7B9FD002800D171E7B1
:108B30007FE4069B002B2AD0D423149ADB049A42AC
:108B400025D82D4A2D4B28000899FCF79DFD0028BB
:108B500016D028000899FCF7B5FD002800D1013097
:108B6000FEF700FB129B05000891002B22D1802309
:108B70001B06CB1818901993189A199B10921193F1
:108B8000D622119BD2049B18149A9B1A11930E980B
:108B90000F99109E119F01F06DFD02000B00300037
:108BA0003900FDF7D3FC0E9A0F9BFCF7A9FD0600D8
:108BB0000F008CE70200089B18921993DCE70B4A20
:108BC0000F4B08980999FCF755FDAEE70000F03F00
:108BD0000000F07F0000E07F0000B0FCFFFF9F7C02
:108BE000FFFFEF7F0000E03F0000F0BF9535A0944D
:108BF000FFFFDF3F35E5AF350000C0FFFFFFDF417E
:108C0000FFFFCF3F064B10B5040018680A00036A47
:108C1000002B00D1034B2100FFF7CCF910BDC0465B
:108C20002C00002090000020F0B51F000E0087B03F
:108C30000590019102920C983478FEF7E9FB082226
:108C400000194378751C134036D12D2C36D1B51C34
:108C500074780126002F62D0102F09D1302C07D153
:108C600020222B789343582B54D110276C7802354F
:108C70002D4B3900F31818000393FCF7F5FB049112
:108C800001210023494202008C461800210030399E
:108C900009291AD80C00A74223DD591C09D06346C4
:108CA000824206D302D10499A14202DB0123784318
:108CB00020182C780135E9E72E00BCE72B2C01D0D9
:108CC0001E00C7E7B51C7478FAE72100413919295D
:108CD00001D8373CDFE721006139192901D8573C19
:108CE000D9E75A1C08D1059A23331360029B0398D5
:108CF000002B09D107B0F0BD002E00D04042029AEF
:108D0000002AF7D0002B01D06B1E0193029B019A21
:108D10001A60EFE73024002FAAD10827A8E7302CEB
:108D20009ED00A27A4E7C046FFFFFF7F37B5130098
:108D3000064A05001068046A002C00D1044C0A00A1
:108D400000942900FFF770FF3EBDC0462C000020B4
:108D5000900000200B1E04D0FF2A04D98A23036050
:108D60008B3B180070470A700123FAE7F0B50369DE
:108D70000C6989B0070005910026A34265DB0B0052
:108D8000013C1433A50003935B19049303001433CF
:108D900002935D19049B28681B68591C0193FCF71A
:108DA000DDFA0190B04229D0039B02989C460696BA
:108DB000624608CA9446019A99B251431B0C534328
:108DC00089190A0C9B1807931E0C036889B29AB282
:108DD000069BD2180368521A190C6B469B8BCB1A50
:108DE00011145B18191492B21B041A43049B0691C8
:108DF00004C06345DCD22B68002B2DD005993800C8
:108E000001F0BAFB00281FDB0025019B029801330B
:108E100003990193026808C992B255199AB2AA1A25
:108E200005681B0C2D0CEB1A15145B191D1492B25E
:108E30001B04134308C0049B8B42EBD2029AA3008D
:108E4000D3181A68002A11D0019E300009B0F0BD75
:108E50002B68002B04D1013C029B043DAB42F7D3AD
:108E60003C61CBE71A68002A04D1013C029A043B1A
:108E70009A42F7D33C61E7E7F0B516001F00446A59
:108E80009BB00290239D06960797002C08D11020D6
:108E9000FEF7C2FA029B5862446084600460C460BA
:108EA000029B5B6A196800290BD05A680123934022
:108EB0004A608B60029801F044F90022029B5B6AD1
:108EC0001A60002F20DA01232B607B005B080793D8
:108ED000079CB24B220017931A409A4217D1B04B0D
:108EE000229A1360069B002B03D1240301D100F0CA
:108EF00087FDAC4B249A0893002A02D0AA4B249AEF
:108F0000136008981BB0F0BD00232B60E0E7069EBD
:108F1000079F0022002330003900FCF7A5FB051E47
:108F20000BD00123229A1360A04B249A0893002AA5
:108F3000E7D09F4A24990A60E3E718AB019319AB85
:108F4000009332003B00029801F006FC630003909E
:108F50005B0D74D03A03974C120B14432100964AD0
:108F6000300016959E180022944BFDF761FD944A3F
:108F7000944BFDF7EBFA944A944BFCF7C1FB0400C9
:108F800030000D0001F038FE914A924BFDF7DEFAF9
:108F900002000B0020002900FCF7B2FB04000D00CA
:108FA000FEF7AAF800220700002320002900FCF7A2
:108FB00061FB002809D0380001F01EFE2B002200C2
:108FC000FCF752FB434258413F1A01231493162FDA
:108FD0000DD88149FB00C91808684968069A079BA3
:108FE000FCF75CFB002846D00023013F1493189B3C
:108FF0009E1B00230A933300013B0B9304D50123EE
:109000009B1B0A9300230B93002F36DB0B9B1197BE
:10901000DB190B9300230493209B0124092B00D917
:1090200084E0052B02DD0024043B2093209B981E46
:10903000032800D984E0FCF787F97577286A189B24
:10904000199A9E18654BF218202A0FDD40239B1AAF
:109050009C40634B0698F318D8402043FEF782F8F3
:109060000123604C013E091916937CE720230698E2
:109070009B1A9840F2E71490B9E70A9BDB1B0A930E
:109080007B42049300231193C6E701230D93219B98
:10909000002B59DD0C930993029A556A00226A60ED
:1090A0000432100014306968984252D9029801F0D5
:1090B00010F8029B28605B6A1B680893099B0E2BC3
:1090C00000D90AE1002C00D107E1069B079C12930E
:1090D0001394002F00DC89E00F213A003E4B0A4038
:1090E000D2009B181D685E6802233C110E93E306B4
:1090F0000BD53D4B0C401A6A5B6A12981399FCF72A
:109100001BFE0323069007910E9300233AE00123F0
:109110000D93219BFB180C9301330993002BBBDCAF
:109120000123B9E70023B1E70023F1E700230D9401
:109130002093013B00220C93099313332192ABE758
:1091400001230D93023BF5E701230C9309931A00C9
:10915000F4E7013169605200A3E701231C420ED0FD
:109160000E9B214A01330E93109B2800DB009B18B5
:1091700031001A685B68FDF7E9F905000E00109BE5
:10918000641001331093002CE7D1069807992A0048
:109190003300FCF7D1FD0690079142E00000F07F1C
:1091A0000F270000E2B60000E5B6000062B500003F
:1091B00063B500000000F03F01FCFFFF0000F83F36
:1091C00061436F63A787D23FB3C8608B288AC63FCD
:1091D000FB799F501344D33F10B7000032040000C6
:1091E00012040000000010FEE8B6000002230E93F7
:1091F000002F16D0129813997C420D332340CE4A8B
:10920000DB00D3181A685B68FDF7A0F9002301267C
:109210001D00069007912411002C00D08CE0002B3B
:10922000B9D1149B002B00D196E0069C079D00222B
:10923000C24B20002900FCF71DFA002800D18BE06A
:10924000099B002B00D187E00C9B002B41DDBC4B20
:10925000002220002900FDF779F90E9B0690079166
:1092600001330E930C9B7E1E0E98109301F0C4FCEC
:10927000069A079BFDF76AF90022B24BFCF740FA09
:10928000B14A0E900F910E9C0F9D94460F9B634424
:1092900015931D00109B002B61D1069807990022A1
:1092A000AA4BFDF7C5FB2200159B06900791FCF722
:1092B000F5F9002800D0A8E2A5480F99844661443A
:1092C0000B00069807992200FCF7D4F9002800D07B
:1092D00095E2129B139C06930794199B002B00DACE
:1092E0005CE10E2F00DD59E1934BFA009B185C689E
:1092F0001B6804930594219B002B00DBD8E0099B9D
:10930000002B00DDD4E000D07DE204980599002216
:109310008E4BFDF71BF9069A079BFCF7C9F9099BD1
:1093200004931E00002800D04FE2089B089A5D1CA1
:109330003123013713704BE234420AD00E9B854A29
:1093400001330E93EB009B181A685B68FDF7FEF87B
:109350003300641001355FE73E00099B84E7109BF2
:109360000D995A1E744BD2009B181A685B6800292D
:1093700049D000207849FCF7DFFC2B002200FDF7E4
:1093800057FB089B0E900F91159306980799FDF7D0
:10939000B3FE040001F030FC02000B0006980799B0
:1093A000FDF746FB159B30345D1C1C700E9A0F9B1D
:1093B00006900791FCF75EF900286CD1069A079B8E
:1093C00000205E49FDF734FB0E9A0F9BFCF752F923
:1093D000002800D0C3E0089B109AEB1A9A4200DCE8
:1093E00077E70E980F990022554BFDF7AFF8002252
:1093F0000E900F9106980799514BFDF7A7F8159518
:1094000006900791C1E720002900FDF79FF8089C0E
:10941000109A230094460E900F916344159306987A
:109420000799FDF769FE050001F0E6FB0B0002005D
:1094300006980799FDF7FCFA3035159B2570013425
:1094400006900791A3422AD10E980F99089A109B73
:109450009446634400221D003F4BFCF751F9020083
:109460000B0006980799FCF719F9002800D076E060
:109470000E9A0F9B00203849FDF7DAFA02000B0024
:1094800006980799FCF7F6F8002800D121E76B1E33
:109490001A78302A01D037003FE01D00F7E7069820
:1094A00007990022264BFDF751F806900791B6E781
:1094B000089E049A059B06980799FCF73DFCFDF76A
:1094C0001BFE040001F098FB049A059BFDF73EF893
:1094D00002000B0006980799FDF7AAFA2300303323
:1094E0003370099A089B751CEB1A9A4248D1020006
:1094F0000B00FCF705F9049A059B06900791FCF711
:10950000CDF800282AD1049A059B06980799FCF704
:10951000ABF8002801D0E30720D40399029800F0AB
:1095200010FE00232B70229B01371F60249B002B11
:1095300000D1E6E41D60E4E410B700000000F03F55
:109540000000244000001C400000C0FC000014404B
:109550000000C07CE8B600000000E03F3E006B1E4B
:109560001A78392A06D1089A9A4207D13023137003
:10957000130001361A7801321A708CE71D00EEE7ED
:109580000022A44BFCF7E2FF002200230690079183
:109590002E00FCF769F800288BD0BEE70D9A002A50
:1095A00000D1DAE0209A012A00DDBDE0169A002AF7
:1095B00000D1B5E0984A9B18049D0A9C0A9A0121A3
:1095C000D2180A920B9A0298D3180B9300F097FEC8
:1095D0000600002C0EDD0B9B002B0BDD0B9A2300ED
:1095E000944200DD13000A9AE41AD21A0A920B9AE6
:1095F000D31A0B93049B002B1FD00D9B002B00D183
:10960000AFE0002D11D031002A00029800F010FFC9
:10961000039A01000600029800F07AFE0399109068
:10962000029800F08EFD109B0393049B5A1B04D0FC
:109630000399029800F0FCFE03900121029800F0CB
:109640005EFE119B0490002B00D1E3E11A000100A3
:10965000029800F0EDFE209B0490012B00DD82E0DB
:109660000025069BAB420ED1079B1B03AB420AD1E0
:10967000179B079A134206D00A9B013501330A93C0
:109680000B9B01330B93119B0120002B6CD10B9B87
:1096900018181F2318407ED001331B1A042B70DDCD
:1096A0001C23181A0A9B24181B180A930B9B1B18BF
:1096B0000B930A9B002B05DD1A000399029800F01A
:1096C00009FF03900B9B002B05DD1A0004990298FB
:1096D00000F000FF0490149B002B5ED004990398C7
:1096E00000F04AFF002858DA00230A220399029862
:1096F00000F040FD0D9B013F0390002B00D190E155
:10970000002331000A22029800F034FD0C9B060071
:10971000002B00DD88E0209B022B00DC84E044E08D
:109720003623189A9B1A47E7099B5D1E049BAB42A0
:1097300008DB5D1B099B002B0CDA0A9B099A9C1A1B
:1097400000233BE7049B0495EA1A119B00259B1814
:109750001193EFE70A9C099B30E7049D0A9C0D9E3C
:1097600037E7049A64E70025049B049A1B69109369
:1097700003339B00D318586800F078FD2023181A93
:1097800085E7042B95D00A9A1C33D2180A920B9ABB
:10979000E418D3188CE70300F5E7099B002B3DDCA8
:1097A000209B022B3ADD099B0C930C9B002B0CD1C8
:1097B00004990522029800F0DDFC04900100039852
:1097C00000F0DAFE002800DDAFE5219B089DDF43B5
:1097D000002309930499029800F0B3FC002E00D1F5
:1097E0009BE6099B002B05D0B34203D019000298D9
:1097F00000F0A7FC3100029800F0A3FC8DE6109B5E
:1098000004931E00E1E70023FAE7109B370004935E
:109810001E008AE500002440330400000D9B002B4D
:1098200000D1B2E0099B0C93002C05DD3100220031
:10983000029800F04FFE06003000002D11D0716834
:10984000029800F046FC3100040033690C319A1C88
:1098500092000C30FDF706FE01222100029800F074
:1098600039FE09960600089B0A9304990398FFF7AE
:109870007DFA09990D900400039800F07DFE3200F6
:1098800010900499029800F091FE01230B93C36895
:1098900030340500002B04D10100039800F06CFE69
:1098A0000B902900029800F04CFC0B9B209A13436C
:1098B0000ED1069A013313420AD1392C26D0109BBF
:1098C000002B01DD0D9C31340A9B5D1C1C7081E76F
:1098D000109B002B07DB1D00209B1D4322D1012381
:1098E000069A13421ED10B9B002BEDDD039901223A
:1098F000029800F0EFFD0499039000F03DFE00286F
:1099000002DCE1D1E307DFD5392CDBD10A9B0A9ACF
:109910005D1C392313706B1E1A78392A67D0013207
:109920001A7057E70A9B5D1C0B9B002B04DD392C3A
:10993000ECD001340A9BC9E70A9B0C9A1C70089B67
:10994000EB1A93423ED000230A220399029800F0BA
:1099500011FC099B0390B34209D100230A22099903
:10996000029800F007FC099006000A957DE7099926
:1099700000230A22029800F0FDFB002309900A222E
:109980003100029800F0F6FBEEE7099B0C93089B70
:10999000069304990398FFF7E9F9069B30305D1CA4
:1099A00018700C9A089B0400EB1A9A4208DD0023F9
:1099B0000A220399029800F0DDFB06950390E8E780
:1099C0000023099303990122029800F083FD049972
:1099D000039000F0D1FD00289DDC01D1E3079AD46B
:1099E0006B1E1A78302A00D0F4E61D00F8E7089ABA
:1099F0009A4203D1312301371370EBE61D008AE749
:109A00000B4B249A08930B4B002A01D0FFF777FAEF
:109A1000FFF777FA209B012B00DC21E6119D012046
:109A200035E60C9B002BB2DC209B022BAFDDBCE6A5
:109A3000D9B60000E1B60000F0B5040005691434A1
:109A40004B1126009D4214DD1F22AD009B001140EA
:109A50006519E318220000291ED004CB2027CA4034
:109A6000A4467F1A66469D420BD83260002A00D079
:109A70000436331B9B100361A64201D100234361CE
:109A8000F0BD1E68BE403243664604C604CBB446F1
:109A9000CA40E7E702CB02C216009D42FAD8E8E7C7
:109AA0000300303B092B03D82038C3B2180070479D
:109AB0000300613B052B01D84738F6E70200413A25
:109AC0000023052AF2D82738EFE7F0B58DB00590CE
:109AD0001498099102920A9300F0DFFA03681800C3
:109AE0000793FEF737FA0222079B52421B18013BED
:109AF0001B7804900B93099B19688B1C521AD11880
:109B0000019308910199013308783028F7D0FFF7C5
:109B1000C7FF071E00D06FE0049A07990198FEF76F
:109B200020FA002800D06DE0019B049A9C18207850
:109B3000FFF7B6FF002869D00194019B1878302800
:109B400009D0FFF7ADFF43424341039301232600B1
:109B50000893019C04E0019B01330193EDE701347C
:109B60002078FFF79DFF0028F9D1049A079920007B
:109B7000FEF7F7F9002809D1002E0AD1049BE4185A
:109B800026002078FFF78CFF002839D10027BE423D
:109B900001D0371BBF002378502B01D0702B42D14E
:109BA00063782B2B34D02D2B36D00023661C0693E4
:109BB0003078FFF775FF431EDBB2182B33D810380F
:109BC000050001363078FFF76BFF431EDBB2182B20
:109BD00024D9069B002B00D06D427F19099B1E6083
:109BE000039B002B21D0089B06265A4253415B421F
:109BF0001E4030000DB0F0BD002303931E00A8E707
:109C00000134BEE7019C01230393C4E70700FAE790
:109C100000230693A61CCBE70123FAE70A235D4342
:109C20002D18103DCDE72600D8E7019B0399E31AD4
:109C3000013B072B47DC059800F04BFA0300143377
:109C400003930893002305001E000693019BA34283
:109C50003CD3089C039B40C4E41AA4102C61300040
:109C600000F004FB029B64011B68261A01939E42CC
:109C70005FDDF61A3100280000F0FFFD041E0FD052
:109C800001241F212000731E1940884001005A1131
:109C90000398920012580A4202D0A34241DC0224E7
:109CA00031002800FFF7C8FEBF19029B9B68049390
:109CB000BB424EDA2900059800F043FA0023129ABD
:109CC000A326136095E701315B10B2E7631E099389
:109CD0000B9A1B78934215D0069B202B05D1089B2D
:109CE0001E600026043308930696099B1878FFF738
:109CF000D7FE0F231840069B099C98400433064367
:109D00000693A3E70123049A9C1A099B1C19019B43
:109D10009C42E1D307992000FEF723F90028DBD10C
:109D200094E7B11E280000F0A8FD0028B7D0032456
:109D3000B6E7019B00249E42B7DA9E1B2900320041
:109D4000059800F0C7FB030014330500BF1B039305
:109D5000ABE7029B5E68BE426BDD019BF61BB34224
:109D600032DC029BDB68022B26D0032B28D0012B90
:109D700019D1019BB34216D1012B0DDC029B622647
:109D80005B680193019A0A9B1A600123039A2B6175
:109D90001360129B1D602CE701992800013900F027
:109DA0006CFD0028EAD12900059800F0CAF90023CB
:109DB000129A502613601CE7139B002BDED0F2E7AB
:109DC000139B002BDAD1EEE7771E002C2FD1002F4A
:109DD00004D03900280000F050FD04001F237A1140
:109DE0001F401E3BBB400399920052581A4201D0BB
:109DF00002231C43019B31009B1B02262800019378
:109E0000FFF71AFE029B5F68002C40D0029BDB68C4
:109E1000022B10D0032B12D0012B06D1A20704D5A0
:109E2000039A126814431C420CD110232EE0012423
:109E3000D4E70126E8E70123139A9B1A1393139B97
:109E4000002BF2D02C69A30004932B00A200143342
:109E50009918002294461A68501C1DD001321A60CD
:109E60002B001433022E3AD1029A01991268013A5A
:109E70008A420AD14A111F21019892000140012013
:109E800004008C40D358234248D120231E43129B08
:109E90001D600A9B1F60ACE6624604C39942DAD893
:109EA000AB689C4212DB6B680598591C00F011F9F5
:109EB00029002B6903909A1C92000C310C30FDF79D
:109EC000D1FA2900059800F03CF9039D2B695A1C32
:109ED0002A61012204339B00EB185A60C0E72A690B
:109EE000A2420ADD01212800FFF7A6FD029B0137EF
:109EF0009B680126BB42C8DADCE61F24019A0126D2
:109F00002240141EC1D0049A9B18043B186800F02C
:109F1000ADF920210C1BA042E4DBB6E70600B4E754
:109F2000082370B520259A1A9200AD1A4368066876
:109F30001C00AC40D340344304604360043088428A
:109F4000F4D370BD30B503680C780133002C02D116
:109F50000360012030BD1A781500413D192D00D84D
:109F600020320131A242EFD00020F3E7F0B58BB0F0
:109F700001920A68019953119B00CB1804931F2387
:109F80001A400890069202D0049B04330493049B69
:109F900000251E1F37003400089B35601B6807959D
:109FA00005930295059B01330993059B5B78039309
:109FB000002B28D00398FFF773FD002845D1039BA1
:109FC000202B19D8029B079A934212DDBC4206D27D
:109FD000072D04DC2A0039002000FFF7A1FF019BB8
:109FE00008259C4205D9271F00253C00029B3D60A7
:109FF0000793099B0593D5E7039B292B4AD1059B22
:10A00000089A02331360029B002B43D0BC4206D255
:10A01000072D04DC2A0039002000FFF781FF019B97
:10A020009C4226D904CC1A600433A642FAD20022FC
:10A0300004C39E42FCD23368002B04D1019B9E4294
:10A0400026D101233360052025E0029B0135013331
:10A050000293082D06DD019B9C42CAD900230125ED
:10A06000043C23600F22236810401B01184320602A
:10A07000BFE7069B002BDED02021069A049B891A9D
:10A0800001225242CA40043B19680A401A60D2E7D2
:10A09000043ED0E704200BB0F0BDF0307047000064
:10A0A000034B1B68186A002800D10248F030704743
:10A0B0002C00002090000020C9B28218904201D1EB
:10A0C0000020704703788B42FBD00130F6E77047E1
:10A0D000704770B5466A04000D00002E07D11020AD
:10A0E000FDF79AF96062466086600660C660666A3F
:10A0F000F368002B13D0636AAA00DB689B1818680A
:10A10000002818D101210E00AE40721D92002000DF
:10A1100000F0D5FB00280CD0456086600DE02122C0
:10A120000421200000F0CBFB636AF060DB68002BA9
:10A13000E1D1002070BD02681A6000230361C36092
:10A14000F8E770B5446A06000D00002C07D1102016
:10A15000FDF762F97062446084600460C460002DA1
:10A1600007D0736A6A68DB6892009B181A682A60D5
:10A170001D6070BDF7B51E0014239C4607000C003F
:10A1800000200D698C4463461B68013099B2634618
:10A190001B6851431B0C534389190E0C9B1989B240
:10A1A0001E0C1B045B18614608C18C468542EADC24
:10A1B000002E1BD0A368AB4212DC63683800591C28
:10A1C000FFF787FF2100236901909A1C92000C3150
:10A1D0000C30FDF747F921003800FFF7B2FF019C72
:10A1E0002B1D9B00E31801355E6025612000FEBD3C
:10A1F000F7B5060018000C0008300921019315007E
:10A20000FBF736F90123002183421FDB3000FFF703
:10A2100060FF089B436101230361092D19DD2300C1
:10A2200009331F00009364193B780100303B0A2278
:10A2300030000137FFF79EFFA742F5D1009B5C1964
:10A24000083C2F00019B9F4206DBFEBD5B000131F5
:10A25000DAE70A340925F4E7631BDB5D0100303BD4
:10A260000A223000FFF786FF0137EBE70300020CFC
:10A270000020824201D11B0410301A0E01D1083097
:10A280001B021A0F01D104301B019A0F01D10230B9
:10A290009B00002B03DB01305B0000D420207047C3
:10A2A0000722036810B501001A400DD001240020D8
:10A2B000234205D10230034203D0E34020000B606B
:10A2C00010BD9B080B60FBE79CB21000002C01D175
:10A2D00010201B0CDAB2002A01D108301B0A1A0721
:10A2E00001D104301B099A0701D102309B08DA071B
:10A2F000E8D45B0801D00130E4E72020E0E710B5A6
:10A300000C000121FFF7E5FE01234461036110BD4C
:10A31000F0B50B691400126989B00D00934201DA9F
:10A3200025000C002F6926696968BB190293AB6888
:10A33000BA19934200DA0131FFF7CBFE0200BB19D4
:10A3400014329B00D3189C460021130004906345EF
:10A350001DD31435BF00EB191434B6000593A319AF
:10A36000039501940793079B0199994211D3029B8E
:10A37000002B06DD04235B429C4463461B68002BD4
:10A3800051D0049B029A18001A6109B0F0BD02C3B3
:10A39000DDE7019B1B6898B200281CD01500002641
:10A3A000039F02CF2C688BB24343090C4143A4B2F4
:10A3B0001B199B190E0029680695090C71181E0CB3
:10A3C00089190E0C9BB209040B4308C5059BBB42BF
:10A3D000E7D8069B5E60019B1B681D0C1ED0100019
:10A3E00000271368039E3168046889B26943240C0E
:10A3F0000919C9190F049BB23B43036080CE43681F
:10A400003F0C6F439BB2FB18090C5B180599069033
:10A410001F0C0430B142E6D806994B60019B043210
:10A42000043301939FE7029B013B02939FE70000E7
:10A430000323F7B5134005000E001400002B08D0CD
:10A440002249013B9A00525800233100FFF792FE47
:10A450000600A310019336D06C6A002C07D110209F
:10A46000FCF7DAFF6862446084600460C4606F6A6D
:10A47000BC68002C07D116492800FFF740FF0023D5
:10A480000400B86003600122019B13420AD031002E
:10A4900022002800FFF73CFF070031002800FFF7EB
:10A4A00050FE3E00019B5B1001930CD020680028F9
:10A4B00007D1220021002800FFF72AFF0023206097
:10A4C00003600400DFE73000FEBDC046D8B70000DF
:10A4D00071020000F0B50D0017002B69541185B012
:10A4E000E3180193013300934968AB680290009A26
:10A4F000934235DB0298FFF7ECFD002302000600D3
:10A5000019001432A3422EDBE343DB171C402B005F
:10A51000A40014192A69143392009A1894461F2231
:10A52000174024D00132D21B039200221968200068
:10A53000B9400A4304C404CB0399CA409C45F5D8EA
:10A540004260002A02D0019B02330093009B0298D4
:10A55000013B33612900FFF7F4FD300005B0F0BD89
:10A5600001315B00C3E7980011500133CAE704CB07
:10A5700004C49C45FBD8E9E70A69036930B59B1A16
:10A580000DD192001430143184188918043C043918
:10A5900025680A68954204D00123954204D3180027
:10A5A00030BDA042F2D3FAE75B42F8E7F0B50D0008
:10A5B00085B00700110028001400FFF7DDFF061E1C
:10A5C00008D101003800FFF784FD012346610361D3
:10A5D00005B0F0BD01230193002804DB23002C000B
:10A5E0001D000023019361683800FFF772FD2F0002
:10A5F0000022019B2669C3601434B300E318029360
:10A600002B6914379B00FB18039303009446143303
:10A6100020CC04CF0192AAB294446A466146928843
:10A620002D0C8A1A0199090C691A151449190D146F
:10A6300092B209040A431A60039AAC460433BA4240
:10A64000E6D802991A008C4205D3043A1368002B0D
:10A650000ED00661BCE704CC91B261440D14120C1B
:10A660005219151489B212040A43AC4604C3E8E730
:10A67000013EEAE70B00104910B519400F4BC9180D
:10A68000002904DD00220B001000190010BD494212
:10A69000091500220023132904DC8020000308414F
:10A6A0000300F1E7143901201E2902DC1F24611A7E
:10A6B00088400200E8E7C0460000F07F0000C0FCD0
:10A6C000F7B50600036914369B00F3181D1F2C68AC
:10A6D0000F0020000193FFF7C9FD20231B1A3B60E8
:10A6E0001C490A2816DC0B2327001B1ADF403943BC
:10A6F0009C460B000021AE4202D20199083909683C
:10A70000153084406046C1400C43220010001900FF
:10A7100003B0F0BD0027AE4202D2019D083D2F6874
:10A720000B388446031E12D09C40202021433C005D
:10A73000C01AC44021430B000021B54201D9043D99
:10A7400029686446C140A7400F433A00DEE7214331
:10A750000B00FAE70000F03FF7B51D0001211400DF
:10A76000089FFFF7B6FC2B036D0006001B0B6D0D59
:10A7700024D10193002C27D068460094FFF790FD68
:10A78000009C00281ED0019B20211A00091A8A4033
:10A79000C340224372610193019CB461631E9C41DA
:10A7A00001343461002D18D0124BED1835232D18CB
:10A7B0003D60181A099B18603000FEBD80225203CC
:10A7C0001343D6E77461E7E701A8FFF769FD0124A9
:10A7D000019B346173612030E4E7074BC018074BDD
:10A7E0003860E3189B00F3185869FFF73FFD6401D8
:10A7F000201ADFE7CDFBFFFFCEFBFFFFFFFFFF3F90
:10A80000F0B585B00F0002A90600FFF759FF04005C
:10A810000D00380003A900940195FFF751FF366938
:10A820003F690200F71B7E01B446039F029E0B00A6
:10A83000F61B66443705002E07DD79190191009853
:10A840000199FBF779FA05B0F0BDCB1BF7E71300D0
:10A85000013910B549111269013189001433920090
:10A8600041189A189A4203D80023814203D810BD98
:10A8700010CB10C0F6E708C0F7E70200006910B57A
:10A8800014324B11984212DB0BDD1F20014008D01F
:10A89000980084582000C8408840010001208C4264
:10A8A00004D19B00D318934203D8002010BD0300AD
:10A8B000F7E7043B19680029F5D00120F6E74A4381
:10A8C00070B511001400FCF73BFE051E03D02200FA
:10A8D0000021FCF7E3FD280070BDF8B507000D006E
:10A8E0001600002905D11100FCF72AFE0400200003
:10A8F000F8BD002A03D1FCF7D9FD3400F7E700F0DA
:10A9000073F92C00B042F2D231003800FCF718FE87
:10A91000041EECD029003200FCF7A4FD2900380009
:10A92000FCF7C4FDE3E70000F0B58E6885B00700D2
:10A930000C00039201939E423CD890238A89DB004D
:10A940001A4234D00325096923685B1A02936369AC
:10A9500002985D43EB0F5D19019B6D1001331B18CD
:10A96000AB4200D91D00530532D529003800FCF751
:10A97000E7FD061E09D10C233B6040230120A2897C
:10A9800040421343A38105B0F0BD029A2169FCF750
:10A9900069FDA389144A1A4080231343A381029BB3
:10A9A0002661F61826606561019EED1AA560019B7F
:10A9B0009E4200D9019E320003992068FCF75BFD9E
:10A9C000A36800209B1BA36023689E192660DAE71A
:10A9D0002A003800FFF781FF061EE0D12169380008
:10A9E000FCF764FDC7E7C0467FFBFFFFF0B59FB0F3
:10A9F000029005938B890F0016001B0611D50B6979
:10AA0000002B0ED14021FCF79BFD386038610028F7
:10AA100005D10C23029A013813601FB0F0BD40230A
:10AA20007B61002306AC6361203363761033A37629
:10AA300035002B78002B01D0252B46D1AB1B04937E
:10AA40000CD0320039000298FFF76EFF431C00D192
:10AA5000AEE06269049B9446634463612B78002BEB
:10AA600000D1A5E0012200235242626002A95432C3
:10AA700052186E1C2360E360A3601370A3653178E5
:10AA800005225448FFF718FB751C00281FD12268C7
:10AA9000D30604D5532302A95B182021197013078C
:10AAA00004D5532302A95B182B21197033782A2B64
:10AAB00016D0350000210A20E3682A786E1C303A4F
:10AAC000092A4ED9002918D010E00135B1E7414BD1
:10AAD0002268C01A01238340134323602E00CEE76F
:10AAE000059B191D1B680591002B01DB099304E0F0
:10AAF0005B42E3600223134323602B782E2B0AD1A1
:10AB00006B782A2B35D1059B02351A1D1B680592DF
:10AB1000002B2BDB0793304E297803223000FFF700
:10AB2000CBFA002806D04023801B834022680135E1
:10AB3000134323602978062228486E1C2176FFF7EC
:10AB4000BBFA00283CD0264B002B25D10722059BC1
:10AB500007339343083305936369039A9B18636132
:10AB600066E7434301219B183500A6E701235B42BA
:10AB7000D0E700230A201A000135636029786E1C93
:10AB80003039092903D9002BC5D00792C3E74243C6
:10AB9000012352183500F1E705AB00933A00114B41
:10ABA00021000298FCF7C6FD0390039B0133D3D12B
:10ABB000BB890B985B0600D42FE7012040422CE7AD
:10ABC00005AB00933A00074B21000298FDF76CF8A3
:10ABD000EAE7C046E4B70000EAB70000EEB70000BD
:10ABE0003577000029A900000B1F1B68181F002BD8
:10ABF00001DA0B58C018704770B500282DD0C31764
:10AC0000C5185D40C40F2800FCF7B4FB154B1B1A98
:10AC10005B055B0D0A2815DD0B38854000222D03EE
:10AC20002D0B002110002D030A0D2D0B12052A43B8
:10AC30000D4D1B052A4013435B00E4075B082343CB
:10AC4000190070BD02002900153291400A000B2145
:10AC5000081AC5402D032D0BE3E70024002300252F
:10AC60000022DEE71E040000FFFF0F80044A136885
:10AC7000002B00D1034B1818106018007047C04615
:10AC80007C0D0020840D0020F8B5C046F8BC08BC3F
:10AC90009E467047F8B5C046F8BC08BC9E46704753
:10ACA0004D4B523E20003D3D3D3D3D3D3D3D3D3DFA
:10ACB000204D4B5220535441545553203D3D3D3D72
:10ACC0003D3D3D3D3D3D004D6F64652020202020F1
:10ACD000203A204155544F4D4154494300496E7428
:10ACE000657276616C20203A203630207365636F80
:10ACF0006E6473004D6F64652020202020203A2070
:10AD0000434F4D4D414E44004E324F2020202020D5
:10AD100020203A20002070706D0054454D502020B6
:10AD2000202020203A200020430048554D2020209C
:10AD3000202020203A200020250073656E640061E9
:10AD400075746F206F6E006175746F005B4D4B52B0
:10AD50005D204175746F6D61746963206D6F64650A
:10AD600020454E41424C4544005B4D4B525D2053C3
:10AD7000656E64696E6720666972737420706163C2
:10AD80006B6574206E6F772C207468656E20657615
:10AD90006572792031206D696E7574650061757416
:10ADA0006F206F6666005B4D4B525D204175746F7E
:10ADB0006D61746963206D6F64652044495341423D
:10ADC0004C45440073746174757300736574206E30
:10ADD000326F20005B4D4B525D204E324F2075701C
:10ADE000646174656420746F2000736574207465F9
:10ADF0006D7020005B4D4B525D2054656D70657227
:10AE00006174757265207570646174656420746F17
:10AE100020007365742068756D20005B4D4B525D9A
:10AE20002048756D69646974792075706461746512
:10AE30006420746F20005B4D4B52202D3E204D53FB
:10AE400050343330205241575D2000082008005B09
:10AE50004D4B525D204552524F523A20696E7075EB
:10AE600074206275666665722066756C6C0024538A
:10AE7000454E534F522C4E324F3D002C54454D50B1
:10AE80003D002C48554D3D005B4D4B52202D3E2042
:10AE90004D53503433302053454E534F525D2000B4
:10AEA0000D0A00436F6D6D616E64733A002020736C
:10AEB000656E642020202020202020202D3E20733D
:10AEC000656E64206F6E652073656E736F7220709F
:10AED00061636B6574206E6F770020206175746FFD
:10AEE000206F6E2020202020202D3E2073656E6470
:10AEF0002073656E736F72207061636B657420657B
:10AF0000766572792031206D696E75746500202038
:10AF10006175746F206F666620202020202D3E20F2
:10AF200073746F70206175746F6D617469632073E1
:10AF3000656E64696E670020207374617475732098
:10AF40002020202020202D3E2073686F77204D4B3D
:10AF500052206D6F646520616E6420637572726546
:10AF60006E742076616C75657300202073657420A3
:10AF70006E326F2031343520202D3E2073657420D1
:10AF80004E324F2076616C75650020207365742009
:10AF900074656D702032322E360020207365742067
:10AFA00068756D2038342E3100202068656C700083
:10AFB000416E797468696E6720656C73652069738A
:10AFC00020666F727761726465642064697265637C
:10AFD000746C7920746F204D53503433302E0045FB
:10AFE00078616D706C652073656E736F722070612F
:10AFF000636B65743A0020202453454E534F522C06
:10B000004E324F3D3134352C54454D503D32322E69
:10B01000362C48554D3D38342E3123003D3D3D3DC5
:10B020003D3D3D3D3D3D3D3D3D3D3D3D3D3D3D3D50
:10B030003D3D3D3D3D3D3D3D3D3D3D3D3D3D3D3D40
:10B040003D3D3D3D004D4B52313031302053656E1A
:10B05000736F72205061636B6574205465726D6903
:10B060006E616C004D6F64653A20434F4D4D414E0B
:10B07000440000000000000016000000080000006E
:10B080001C000000FF000004000406000000000097
:10B0900017000000080000001C000000FF00010471
:10B0A00001040700000000000A0000000800000082
:10B0B0001C000000120000010001FF000000000061
:10B0C0000B000000080000001C000000130001013C
:10B0D0000101FF00010000000A000000080000005C
:10B0E0001C000000FF00000500050A000100000030
:10B0F0000B000000080000001C000000FF0001051C
:10B1000001050B0000000000140000000800000012
:10B110002C000000FF0002000200040000000000FC
:10B1200015000000080000002C000000FF000300D4
:10B1300003000500000000001000000002000000F5
:10B140001C000000FF0000020002000000000000E0
:10B15000110000000200000004000000FF00FFFFDB
:10B16000FFFF0100000000001300000002000000CB
:10B170001C000000FF0001030103FF0000000000AD
:10B180000800000003000000040000001000FFFFA2
:10B19000FFFF100000000000090000000300000095
:10B1A000040000001100FFFFFFFFFF00010000008E
:10B1B000170000000300000004000000FF00FFFF74
:10B1C000FFFFFF0001000000160000000300000068
:10B1D00004000000FF00FFFFFFFFFF000000000071
:10B1E0000200000001000000060000000000FFFF58
:10B1F000FFFFFF000100000002000000010000004E
:10B20000040000000A00FFFFFFFF02000100000031
:10B210000300000001000000040000000B00FFFF1D
:10B22000FFFF030000000000040000000100000018
:10B230001C000000040000000000FF0000000000EF
:10B2400005000000010000001C00000005000100D6
:10B250000100FF00000000000600000001000000E7
:10B26000040000000600FFFFFFFFFF0000000000D9
:10B270000700000001000000040000000700FFFFBD
:10B28000FFFFFF00000000001800000006000000A3
:10B2900000000000FF00FFFFFFFFFF0000000000B4
:10B2A000190000000600000000000000FF00FFFF82
:10B2B000FFFFFF0000000000120000000800000077
:10B2C00004000000FF00FFFFFFFFFF000000000080
:10B2D000030000000800000004000000FF00FFFF62
:10B2E000FFFFFF00000000000C0000000300000052
:10B2F00000000000FF00FFFFFFFFFF000000000054
:10B300000D0000000300000000000000FF00FFFF30
:10B31000FFFFFF00000000000E000000080000001A
:10B3200000000000FF00FFFFFFFFFF000000000023
:10B330000F0000000300000000000000FF00FFFFFE
:10B34000FFFFFF00000000001B00000008000000DD
:10B3500000000000FF00FFFFFFFF0F0001000000E2
:10B360000800000008000000060000000200FFFFC7
:10B37000FFFFFF00010000000900000001000000C5
:10B38000180000000300010401040900000000008F
:10B39000000000000800000000000000FF00FFFFA8
:10B3A000FFFFFF0000000000010000000800000097
:10B3B00000000000FF00FFFFFFFFFF000000000093
:10B3C0001C0000000800000004000000FF00FFFF58
:10B3D000FFFFFF000000000000000000FB2900004C
:10B3E000312C0000F7290000152C0000F52B00007F
:10B3F0006D2C0000512C0000232C0000112A0000AD
:10B40000792900003D2B0000A1290000F52900004A
:10B41000F0FFFFFF00000000E52B00002D2B0000D7
:10B42000932C0000912C0000E52900000000000092
:10B4300000000000F12F0000AD3200009532000046
:10B4400073320000552E0000572E0000452F0000DB
:10B4500041726475696E6F204D4B52205769466981
:10B460002031303130000403090441726475696E83
:10B470006F204C4C430012010002EF0201404123B7
:10B4800054800001010203016E616E00696E660066
:10B490006F7666000000000000000000E148000038
:10B4A0000D3E000007480000C3470000DD470000D4
:10B4B000954900001D4500000D450000A145000014
:10B4C0003745000009450000252525642E256466C2
:10B4D00000000000DC5F00004E5E0000925E000095
:10B4E000F65D0000925E0000825F0000925E000048
:10B4F000F65D00004E5E00004E5E0000825F0000C0
:10B50000F65D0000EE5D0000EE5D0000EE5D000007
:10B51000905F0000046700000666000006660000F9
:10B520002469000000660000006600000C6900004D
:10B5300024690000006600000C690000006600003D
:10B54000246900001A6900001A6900001A690000E5
:10B5500028690000504F53495800494E46004E415B
:10B560004E003000303132333435363738394142CD
:10B57000434445460030313233343536373839614B
:10B58000626364656600000035000000CEFBFFFFCB
:10B59000CB030000010000000000000034000000A8
:10B5A000CEFBFFFFCB030000010000000000000005
:10B5B000BC89D897B2D29C3C33A7A8D523F6493989
:10B5C0003DA7F444FD0FA5329D978CCF08BA5B25AB
:10B5D000436FAC6428066811002020202020202022
:10B5E0002020282828282820202020202020202033
:10B5F0002020202020202020208810101010101043
:10B60000101010101010101010040404040404048E
:10B610000404041010101010101041414141414128
:10B62000010101010101010101010101010101010A
:10B63000010101011010101010104242424242421A
:10B6400002020202020202020202020202020202DA
:10B650000202020210101010200000000000000082
:10B6600000000000000000000000000000000000DA
:10B6700000000000000000000000000000000000CA
:10B6800000000000000000000000000000000000BA
:10B6900000000000000000000000000000000000AA
:10B6A000000000000000000000000000000000009A
:10B6B000000000000000000000000000000000008A
:10B6C000000000000000000000000000000000007A
:10B6D000000000000000000000496E66696E697499
:10B6E00079004E614E0000000080E03779C341438D
:10B6F000176E05B5B5B89346F5F93FE9034F384DD8
:10B70000321D30F94877825A3CBF737FDD4F157583
:10B71000000000000000F03F000000000000244096
:10B7200000000000000059400000000000408F4071
:10B73000000000000088C34000000000006AF840DC
:10B740000000000080842E4100000000D012634100
:10B750000000000084D797410000000065CDCD4176
:10B76000000000205FA00242000000E87648374257
:10B77000000000A2941A6D42000040E59C30A242F5
:10B780000000901EC4BCD64200003426F56B0C436A
:10B790000080E03779C3414300A0D8855734764311
:10B7A00000C84E676DC1AB43003D9160E458E14372
:10B7B000408CB5781DAF154450EFE2D6E41A4B44E7
:10B7C00092D54D06CFF08044F64AE1C7022DB5442C
:10B7D000B49DD9794378EA440500000019000000BF
:10B7E0007D000000232D302B2000686C4C00656626
:0CB7F00067454647000000000000000014
:10B7FC003333A84291000000CDCCB441FFFFFFFFD2
:10B80C0000C2010000000800FFFFFFFFFFFFFFFF69
:10B81C0040420F000A0000000A0000003000002027
:10B82C00000000000000000000000000000000000C
:10B83C0000000000000000000000000000000000FC
:10B84C0000000000000000000000000000000000EC
:10B85C0000000000000000000000000000000000DC
:10B86C0000000000000000000000000000000000CC
:10B87C0000000000000000000000000000000000BC
:10B88C004300000000000000000000000000000069
:10B89C00000000000000000000000000000000009C
:10B8AC004300000000000000000000000000000049
:10B8BC00000000000000000000000000000000007C
:10B8CC004300000000000000000000000000000029
:10B8DC00000000000000000000000000000000005C
:10B8EC004300000000000000000000000000000009
:10B8FC00000000000000000000000000000000003C
:10B90C0043000000000000000000000000000000E8
:10B91C00000000000000000000000000000000001B
:10B92C0043000000000000000000000000000000C8
:10B93C0000000000000000000000000000000000FB
:10B94C0043000000000000000000000000000000A8
:10B95C0000000000000000000000000000000000DB
:10B96C00558D00004174000000000000D8B50000A7
:10B97C00DDAF00004EAE00004EAE00004EAE00003B
:10B98C004EAE00004EAE00004EAE00004EAE0000BB
:10B99C004EAE00004EAE0000FFFFFFFFFFFFFFFFAB
:10B9AC00FFFFFFFFFFFF0000010041534349490027
:10B9BC00000000000000000000000000000000007B
:10B9CC000000000000000000000041534349490002
:10B9DC00000000000000000000000000000000005B
:10B9EC00000000000000000000000000DD2000004E
:10B9FC00D92800001D2D0000FD3D0000B5200000E1
:0400000300004BE1CD
:00000001FF
